$Water balance Flows: computed flow to complete water balance,
MGH,
JDAY,QWB
44430,0
44430.04,0
44430.08,0
44430.12,0
44430.16,585.936
44430.2,0
44430.25,-1042.02
44430.29,0
44430.33,761.616
44430.37,0
44430.41,-646.7
44430.45,0
44430.5,0
44430.54,0
44430.58,-327.82
44430.62,0
44430.66,0
44430.7,0
44430.75,-41.73
44430.79,0
44430.83,0
44430.87,0
44430.91,0
44430.95,0
44431,0
44431.04,308.792
44431.08,0
44431.12,0
44431.16,0
44431.2,235.992
44431.25,0
44431.29,-99.43
44431.33,0
44431.37,1.552
44431.41,0
44431.45,-245.03
44431.5,0
44431.54,0
44431.58,0
44431.62,-92.44
44431.66,-35.72
44431.7,0
44431.75,0
44431.79,0
44431.83,0
44431.87,0
44431.91,0
44431.95,0
44432,0
44432.04,14.664
44432.08,238.688
44432.12,540.592
44432.16,0
44432.2,-222.89
44432.25,0
44432.29,146.32
44432.33,0
44432.37,-69.3
44432.41,-374.35
44432.45,0
44432.5,0
44432.54,0
44432.58,-256.13
44432.62,0
44432.66,0
44432.7,0
44432.75,0
44432.79,20.384
44432.83,59.448
44432.87,119.448
44432.91,0
44432.95,54.432
44433,1.376
44433.04,212.832
44433.08,201.68
44433.12,131.824
44433.16,68.92
44433.2,53.176
44433.25,4.96
44433.29,0
44433.33,0
44433.37,-41.08
44433.41,-0.32
44433.45,-31.9
44433.5,-60.66
44433.54,-136.89
44433.58,-34.21
44433.62,-79.52
44433.66,-6.06
44433.7,-129.32
44433.75,-83.08
44433.79,0
44433.83,-26.37
44433.87,-8.75
44433.91,-86.25
44433.95,0
44434,53.208
44434.04,111.384
44434.08,122.536
44434.12,54.248
44434.16,126.992
44434.2,112.312
44434.25,4.352
44434.29,116.712
44434.33,14.008
44434.37,36.824
44434.41,42.36
44434.45,20.48
44434.5,11.504
44434.54,71.776
44434.58,68.36
44434.62,110.864
44434.66,145.928
44434.7,125.2
44434.75,50.792
44434.79,99.648
44434.83,115.056
44434.87,143.312
44434.91,107.944
44434.95,95.248
44435,82.32
44435.04,191.904
44435.08,186.416
44435.12,150.008
44435.16,141.304
44435.2,180.192
44435.25,62.84
44435.29,181.536
44435.33,112.312
44435.37,68.864
44435.41,60.656
44435.45,105.648
44435.5,54.8
44435.54,109.2
44435.58,80.12
44435.62,99.48
44435.66,118.864
44435.7,114.048
44435.75,29.76
44435.79,140.688
44435.83,97.664
44435.87,103.856
44435.91,101.584
44435.95,99.536
44436,83.656
44436.04,117.272
44436.08,0
44436.12,0
44436.16,386.872
44436.2,256.424
44436.25,56.312
44436.29,157.584
44436.33,101.16
44436.37,91.2
44436.41,237.96
44436.45,0
44436.5,44.264
44436.54,201.264
44436.58,208.856
44436.62,64.28
44436.66,44.912
44436.7,275.92
44436.75,74.416
44436.79,0
44436.83,0
44436.87,0
44436.91,222.312
44436.95,149.072
44437,0
44437.04,0
44437.08,192.776
44437.12,30.84
44437.16,223.704
44437.2,123.128
44437.25,38.792
44437.29,211.6
44437.33,0
44437.37,0
44437.41,122.392
44437.45,0
44437.5,0
44437.54,37.28
44437.58,142.68
44437.62,90.464
44437.66,0
44437.7,22.888
44437.75,63.272
44437.79,0
44437.83,99.984
44437.87,120.112
44437.91,0
44437.95,176.328
44438,55.232
44438.04,164.648
44438.08,69.448
44438.12,143.536
44438.16,226.36
44438.2,0
44438.25,107.888
44438.29,285.024
44438.33,0
44438.37,0
44438.41,150.08
44438.45,0
44438.5,0
44438.54,0
44438.58,-31.15
44438.62,0
44438.66,75.512
44438.7,60.68
44438.75,55.512
44438.79,103.512
44438.83,33.896
44438.87,82.672
44438.91,242.944
44438.95,0
44439,28.368
44439.04,175.512
44439.08,0
44439.12,0
44439.16,114.288
44439.2,0
44439.25,0
44439.29,67.672
44439.33,0
44439.37,131.424
44439.41,0
44439.45,0
44439.5,4.976
44439.54,1.768
44439.58,31.096
44439.62,52.72
44439.66,17.256
44439.7,0
44439.75,20.752
44439.79,49
44439.83,64.296
44439.87,39.472
44439.91,49.304
44439.95,27.456
44440,20.408
44440.04,94.608
44440.08,0
44440.12,0
44440.16,0
44440.2,0
44440.25,-316.04
44440.29,-120.11
44440.33,0
44440.37,0
44440.41,0
44440.45,0
44440.5,0
44440.54,0
44440.58,0
44440.62,-139.13
44440.66,0
44440.7,0
44440.75,0
44440.79,0
44440.83,0
44440.87,18.552
44440.91,136.544
44440.95,0
44441,0
44441.04,33.656
44441.08,162.152
44441.12,92.248
44441.16,24.432
44441.2,49.056
44441.25,132.752
44441.29,0
44441.33,0
44441.37,4.8
44441.41,0
44441.45,50.176
44441.5,0
44441.54,0
44441.58,0
44441.62,233.464
44441.66,0
44441.7,0
44441.75,0
44441.79,0
44441.83,-159.18
44441.87,-342.58
44441.91,0
44441.95,136.04
44442,0
44442.04,-218.39
44442.08,0
44442.12,0
44442.16,0
44442.2,0
44442.25,0
44442.29,0
44442.33,-17.72
44442.37,-39.16
44442.41,-174.11
44442.45,0
44442.5,0
44442.54,0
44442.58,0
44442.62,34.792
44442.66,0
44442.7,0
44442.75,0
44442.79,0
44442.83,0
44442.87,-67.02
44442.91,0
44442.95,0
44443,0
44443.04,71.304
44443.08,197.872
44443.12,0
44443.16,203.192
44443.2,23.76
44443.25,149.664
44443.29,0
44443.33,0
44443.37,0
44443.41,-249.17
44443.45,0
44443.5,0
44443.54,0
44443.58,-26.66
44443.62,-237.33
44443.66,0
44443.7,46.224
44443.75,0
44443.79,-39.59
44443.83,-186.2
44443.87,0
44443.91,331.768
44443.95,53.176
44444,0
44444.04,107.344
44444.08,126.176
44444.12,99.912
44444.16,249.56
44444.2,0
44444.25,82.112
44444.29,126.12
44444.33,167.864
44444.37,0
44444.41,23
44444.45,98.56
44444.5,137.296
44444.54,0
44444.58,48.688
44444.62,128.744
44444.66,142.88
44444.7,0
44444.75,84.944
44444.79,100.352
44444.83,131.056
44444.87,83.256
44444.91,18.04
44444.95,56.672
44445,85.384
44445.04,106.848
44445.08,85.192
44445.12,78.72
44445.16,207.168
44445.2,127.528
44445.25,11.92
44445.29,117.296
44445.33,71.832
44445.37,102.736
44445.41,0
44445.45,0
44445.5,95.664
44445.54,0
44445.58,438.072
44445.62,2.04
44445.66,113.744
44445.7,178.68
44445.75,90.616
44445.79,49.08
44445.83,57.936
44445.87,108.928
44445.91,155.256
44445.95,0
44446,61.248
44446.04,177.248
44446.08,205.016
44446.12,31.224
44446.16,151.952
44446.2,131.08
44446.25,82.728
44446.29,64.712
44446.33,37.792
44446.37,59.52
44446.41,0
44446.45,0
44446.5,64.888
44446.54,318.168
44446.58,14.848
44446.62,97.368
44446.66,160.104
44446.7,0
44446.75,51.192
44446.79,381.064
44446.83,39.64
44446.87,138.904
44446.91,164.984
44446.95,175.176
44447,7.264
44447.04,162.32
44447.08,139.712
44447.12,117.208
44447.16,128.872
44447.2,137.528
44447.25,48.616
44447.29,174.48
44447.33,138.536
44447.37,94.896
44447.41,234.208
44447.45,111.64
44447.5,0
44447.54,0
44447.58,211.152
44447.62,34.08
44447.66,75.416
44447.7,87.208
44447.75,0
44447.79,0
44447.83,256.36
44447.87,268.384
44447.91,137.976
44447.95,150.608
44448,36.312
44448.04,258.632
44448.08,137.776
44448.12,157.672
44448.16,181.872
44448.2,174.392
44448.25,105.08
44448.29,228.016
44448.33,4.872
44448.37,5.192
44448.41,187.952
44448.45,0
44448.5,63.584
44448.54,81.576
44448.58,177.952
44448.62,57.968
44448.66,67.576
44448.7,135.624
44448.75,88.272
44448.79,84.328
44448.83,53.2
44448.87,116.8
44448.91,128.336
44448.95,86.2
44449,33.664
44449.04,114.696
44449.08,105.592
44449.12,51.984
44449.16,110.6
44449.2,83.376
44449.25,67.344
44449.29,80.88
44449.33,93.344
44449.37,174.024
44449.41,234.992
44449.45,0
44449.5,0
44449.54,-27.57
44449.58,0
44449.62,0
44449.66,0
44449.7,11.48
44449.75,35.128
44449.79,33.928
44449.83,40.704
44449.87,27.84
44449.91,26.056
44449.95,38.464
44450,1.92
44450.04,30.12
44450.08,29.104
44450.12,36.776
44450.16,34.432
44450.2,33.392
44450.25,30.536
44450.29,33.896
44450.33,36.952
44450.37,0
44450.41,0
44450.45,0
44450.5,-61.74
44450.54,-51.3
44450.58,-67.2
44450.62,0
44450.66,0
44450.7,0
44450.75,-4.96
44450.79,0
44450.83,0
44450.87,-11.33
44450.91,0
44450.95,13.36
44451,0
44451.04,34.712
44451.08,7.336
44451.12,0
44451.16,0
44451.2,0
44451.25,20.992
44451.29,0
44451.33,0
44451.37,0
44451.41,160.88
44451.45,16.808
44451.5,59.584
44451.54,48.8
44451.58,0
44451.62,0
44451.66,27.832
44451.7,36.448
44451.75,34.24
44451.79,29.952
44451.83,32.696
44451.87,30.176
44451.91,39.976
44451.95,34.712
44452,63.656
44452.04,0
44452.08,26.896
44452.12,34.536
44452.16,26.896
44452.2,31.688
44452.25,0
44452.29,57.488
44452.33,32.944
44452.37,72.736
44452.41,76.736
44452.45,0
44452.5,81.344
44452.54,33.704
44452.58,40.48
44452.62,34.304
44452.66,36.952
44452.7,33.952
44452.75,30.384
44452.79,0
44452.83,0
44452.87,0
44452.91,0
44452.95,0
44453,119.272
44453.04,13.728
44453.08,0
44453.12,184.624
44453.16,23.2
44453.2,181.624
44453.25,0
44453.29,0
44453.33,0
44453.37,179.832
44453.41,376.016
44453.45,0
44453.5,0
44453.54,0
44453.58,0
44453.62,0
44453.66,-107.72
44453.7,0
44453.75,0
44453.79,0
44453.83,0
44453.87,0
44453.91,0
44453.95,0
44454,0
44454.04,0
44454.08,0
44454.12,0
44454.16,0
44454.2,0
44454.25,0
44454.29,-46.86
44454.33,0
44454.37,0
44454.41,-38.67
44454.45,-91.4
44454.5,0
44454.54,-75.79
44454.58,-42.72
44454.62,0
44454.66,-247.4
44454.7,0
44454.75,-86.45
44454.79,-146.48
44454.83,0
44454.87,22.32
44454.91,0
44454.95,0
44455,-50.27
44455.04,-56.03
44455.08,-18.42
44455.12,-11.62
44455.16,-17.75
44455.2,0
44455.25,0
44455.29,-5.88
44455.33,-222.58
44455.37,-104.48
44455.41,-43.6
44455.45,-190.26
44455.5,0
44455.54,0
44455.58,0
44455.62,59.672
44455.66,40.624
44455.7,0
44455.75,14.936
44455.79,96.12
44455.83,23.392
44455.87,0
44455.91,1.328
44455.95,80.96
44456,22.584
44456.04,5.824
44456.08,38.744
44456.12,28.472
44456.16,31.072
44456.2,14.232
44456.25,18.4
44456.29,38.776
44456.33,28.824
44456.37,57.632
44456.41,27.344
44456.45,6.696
44456.5,34.608
44456.54,42.472
44456.58,0
44456.62,0
44456.66,46.504
44456.7,26.864
44456.75,12.648
44456.79,31.32
44456.83,0
44456.87,5.616
44456.91,26.616
44456.95,27.872
44457,16.656
44457.04,20.168
44457.08,69.368
44457.12,22.616
44457.16,24.568
44457.2,19.584
44457.25,19.456
44457.29,27.76
44457.33,24.544
44457.37,0
44457.41,27.896
44457.45,0
44457.5,-133.92
44457.54,0
44457.58,4.68
44457.62,62.368
44457.66,14.824
44457.7,1.768
44457.75,7.112
44457.79,79.536
44457.83,0
44457.87,34.432
44457.91,8.576
44457.95,0.76
44458,67
44458.04,0
44458.08,1.208
44458.12,35.376
44458.16,115.312
44458.2,52.728
44458.25,37.408
44458.29,127.92
44458.33,149.992
44458.37,59.24
44458.41,92.616
44458.45,126.656
44458.5,154.32
44458.54,116.488
44458.58,149.408
44458.62,115.368
44458.66,128.816
44458.7,147.944
44458.75,69.048
44458.79,120.832
44458.83,109.176
44458.87,84.352
44458.91,58.944
44458.95,107.888
44459,49.176
44459.04,98.472
44459.08,60.656
44459.12,19.688
44459.16,67.152
44459.2,101.472
44459.25,39.416
44459.29,74.072
44459.33,66.144
44459.37,16.984
44459.41,33.816
44459.45,86.76
44459.5,0
44459.54,26.4
44459.58,41.992
44459.62,35.504
44459.66,0
44459.7,-87.58
44459.75,0
44459.79,0
44459.83,0
44459.87,0
44459.91,0
44459.95,0
44460,38.744
44460.04,0
44460.08,37.544
44460.12,78.8
44460.16,181.008
44460.2,0
44460.25,0
44460.29,82.464
44460.33,0
44460.37,59.24
44460.41,35.608
44460.45,20.056
44460.5,0
44460.54,54.088
44460.58,23.448
44460.62,65.912
44460.66,43
44460.7,0
44460.75,32.072
44460.79,53.904
44460.83,32.864
44460.87,0.584
44460.91,41.936
44460.95,33.84
44461,23.464
44461.04,2.296
44461.08,44.912
44461.12,11.92
44461.16,99.624
44461.2,0
44461.25,80.584
44461.29,41.544
44461.33,48.016
44461.37,0
44461.41,-367.19
44461.45,0
44461.5,0
44461.54,-222.4
44461.58,-242.75
44461.62,-348.66
44461.66,0
44461.7,0
44461.75,0
44461.79,-235.18
44461.83,0
44461.87,-9.47
44461.91,-225.45
44461.95,0
44462,-149.12
44462.04,0
44462.08,273.536
44462.12,0
44462.16,0
44462.2,0
44462.25,0
44462.29,-189.19
44462.33,-177.13
44462.37,0
44462.41,0
44462.45,0
44462.5,-48.66
44462.54,0
44462.58,151.816
44462.62,0
44462.66,0
44462.7,4.248
44462.75,26.528
44462.79,0
44462.83,1.456
44462.87,91.888
44462.91,0
44462.95,45.416
44463,17
44463.04,58.856
44463.08,0
44463.12,11.28
44463.16,34.344
44463.2,89.928
44463.25,3.984
44463.29,13.336
44463.33,46.784
44463.37,43.248
44463.41,15.944
44463.45,0
44463.5,16.056
44463.54,86.848
44463.58,11.88
44463.62,22.336
44463.66,45.024
44463.7,0
44463.75,-195.24
44463.79,0
44463.83,21.4
44463.87,0
44463.91,0
44463.95,0
44464,-1.64
44464.04,0
44464.08,6.384
44464.12,0
44464.16,-39.51
44464.2,0
44464.25,0
44464.29,-38.87
44464.33,0
44464.37,0
44464.41,0
44464.45,0
44464.5,-22.03
44464.54,0
44464.58,0
44464.62,0
44464.66,-26.59
44464.7,0
44464.75,-2.85
44464.79,0
44464.83,0
44464.87,0
44464.91,29.8
44464.95,70.264
44465,43.144
44465.04,0
44465.08,100.488
44465.12,17.016
44465.16,68.776
44465.2,59.336
44465.25,2.776
44465.29,17.704
44465.33,64.352
44465.37,11.56
44465.41,42.696
44465.45,0
44465.5,0
44465.54,0
44465.58,-14.84
44465.62,-17.51
44465.66,0
44465.7,0
44465.75,-42.67
44465.79,-73.89
44465.83,0
44465.87,6.448
44465.91,7.056
44465.95,0
44466,-5.64
44466.04,-4.62
44466.08,0
44466.12,0
44466.16,-263.34
44466.2,0
44466.25,148.176
44466.29,0
44466.33,0
44466.37,0
44466.41,0
44466.45,0
44466.5,0
44466.54,0
44466.58,0
44466.62,0
44466.66,-19.71
44466.7,0
44466.75,0
44466.79,0
44466.83,0
44466.87,1.44
44466.91,0
44466.95,0
44467,60.408
44467.04,57.544
44467.08,93.88
44467.12,0
44467.16,7.288
44467.2,0
44467.25,65.392
44467.29,0
44467.33,-15.93
44467.37,0
44467.41,0
44467.45,0
44467.5,2.728
44467.54,14.904
44467.58,78.048
44467.62,0
44467.66,0
44467.7,0
44467.75,69.04
44467.79,0
44467.83,1.936
44467.87,0
44467.91,47.768
44467.95,0
44468,51.464
44468.04,73.456
44468.08,43.336
44468.12,4.84
44468.16,73.12
44468.2,0
44468.25,49.672
44468.29,78.72
44468.33,0
44468.37,0
44468.41,0
44468.45,28.84
44468.5,0
44468.54,0
44468.58,0
44468.62,38.552
44468.66,0
44468.7,0
44468.75,44.648
44468.79,50.904
44468.83,0
44468.87,39.448
44468.91,22.44
44468.95,61.384
44469,9.656
44469.04,66.872
44469.08,36.36
44469.12,47.368
44469.16,75.472
44469.2,0
44469.25,51.696
44469.29,63.536
44469.33,3.56
44469.37,7.312
44469.41,43.368
44469.45,18.968
44469.5,14.224
44469.54,6.552
44469.58,50.064
44469.62,18.488
44469.66,32.36
44469.7,8.432
44469.75,12.176
44469.79,28.632
44469.83,16.392
44469.87,48.288
44469.91,21.712
44469.95,0
44470,77.088
44470.04,127.136
44470.08,77.32
44470.12,122.4
44470.16,86.512
44470.2,0
44470.25,-174.78
44470.29,0
44470.33,0
44470.37,0
44470.41,-58.69
44470.45,0
44470.5,0
44470.54,0
44470.58,-227.71
44470.62,0
44470.66,0
44470.7,0
44470.75,-107.64
44470.79,0
44470.83,211.4
44470.87,0
44470.91,0
44470.95,91.816
44471,81.52
44471.04,121.672
44471.08,175.344
44471.12,0
44471.16,0
44471.2,0.32
44471.25,38.704
44471.29,0
44471.33,-50.88
44471.37,-4.36
44471.41,-111.85
44471.45,0
44471.5,-23.28
44471.54,0
44471.58,0
44471.62,0
44471.66,-52.24
44471.7,0
44471.75,13.048
44471.79,0
44471.83,0
44471.87,126.6
44471.91,119.456
44471.95,97.912
44472,31.632
44472.04,0
44472.08,0
44472.12,0
44472.16,192.216
44472.2,0
44472.25,-43.17
44472.29,0
44472.33,52.896
44472.37,0
44472.41,-316.67
44472.45,0
44472.5,-66.55
44472.54,0
44472.58,0
44472.62,0
44472.66,0
44472.7,-29
44472.75,0
44472.79,0
44472.83,0
44472.87,48.328
44472.91,106.4
44472.95,111.896
44473,21.248
44473.04,0
44473.08,0
44473.12,0
44473.16,279.144
44473.2,0
44473.25,-15.72
44473.29,0
44473.33,92.76
44473.37,0
44473.41,0
44473.45,0
44473.5,0
44473.54,-41.65
44473.58,0
44473.62,0
44473.66,0
44473.7,0
44473.75,10.552
44473.79,1.936
44473.83,0
44473.87,3.752
44473.91,90.544
44473.95,0
44474,40.12
44474.04,39.808
44474.08,139.512
44474.12,0
44474.16,47.536
44474.2,47.208
44474.25,24.096
44474.29,0
44474.33,-21.15
44474.37,0
44474.41,0
44474.45,0
44474.5,-308.48
44474.54,0
44474.58,204.344
44474.62,0
44474.66,-122.77
44474.7,0
44474.75,85.288
44474.79,0
44474.83,0
44474.87,15.536
44474.91,151.392
44474.95,0
44475,33.448
44475.04,33.56
44475.08,151.224
44475.12,7.232
44475.16,119.544
44475.2,111.048
44475.25,46.44
44475.29,0
44475.33,0
44475.37,0
44475.41,-126.12
44475.45,-173.48
44475.5,-134.55
44475.54,-38.8
44475.58,-46.93
44475.62,-31.55
44475.66,-29.52
44475.7,-15.55
44475.75,0
44475.79,-16.56
44475.83,-26.93
44475.87,-41.96
44475.91,0
44475.95,-44.72
44476,-0.54
44476.04,0
44476.08,8.544
44476.12,35.552
44476.16,117.016
44476.2,0
44476.25,79.64
44476.29,134.112
44476.33,0
44476.37,0
44476.41,-31.7
44476.45,-88.98
44476.5,-17.78
44476.54,-90.24
44476.58,-35.68
44476.62,0
44476.66,0
44476.7,0
44476.75,0
44476.79,0
44476.83,0
44476.87,0
44476.91,-52.68
44476.95,0
44477,0
44477.04,0
44477.08,-84.53
44477.12,0
44477.16,133.128
44477.2,0
44477.25,0
44477.29,19.16
44477.33,0
44477.37,-26.52
44477.41,-56.63
44477.45,0
44477.5,0
44477.54,0
44477.58,0
44477.62,-37.61
44477.66,-51.51
44477.7,-20.21
44477.75,-7.54
44477.79,-12.29
44477.83,0
44477.87,0
44477.91,76.152
44477.95,57.736
44478,50.144
44478.04,0
44478.08,152.792
44478.12,34.584
44478.16,204.368
44478.2,0
44478.25,33.064
44478.29,170.92
44478.33,0
44478.37,0
44478.41,0
44478.45,-34.24
44478.5,0
44478.54,0
44478.58,-112.6
44478.62,-51.67
44478.66,-50.15
44478.7,0
44478.75,-289.38
44478.79,0
44478.83,15.496
44478.87,0
44478.91,4.848
44478.95,66.088
44479,78.096
44479.04,0
44479.08,105.952
44479.12,0
44479.16,0
44479.2,0
44479.25,59.008
44479.29,0
44479.33,0
44479.37,0
44479.41,-59.45
44479.45,0
44479.5,121.792
44479.54,0
44479.58,0
44479.62,143.704
44479.66,186.16
44479.7,0
44479.75,-162.14
44479.79,-395.22
44479.83,0
44479.87,0
44479.91,-100.06
44479.95,0
44480,0
44480.04,-95.09
44480.08,0
44480.12,0
44480.16,0
44480.2,0
44480.25,0
44480.29,49.984
44480.33,0
44480.37,0
44480.41,0
44480.45,0
44480.5,0
44480.54,0
44480.58,0
44480.62,0
44480.66,0
44480.7,0
44480.75,0
44480.79,6.728
44480.83,0
44480.87,0
44480.91,30.544
44480.95,59.672
44481,0
44481.04,0
44481.08,83.712
44481.12,0
44481.16,0
44481.2,0
44481.25,37.592
44481.29,0
44481.33,0
44481.37,-56.37
44481.41,0
44481.45,26.136
44481.5,0
44481.54,0
44481.58,0
44481.62,21.064
44481.66,0
44481.7,-24.93
44481.75,0
44481.79,17.912
44481.83,0
44481.87,0
44481.91,34.56
44481.95,54.408
44482,15.32
44482.04,15.912
44482.08,50.032
44482.12,0
44482.16,0
44482.2,0
44482.25,0
44482.29,0
44482.33,-181.89
44482.37,-87.48
44482.41,0
44482.45,0
44482.5,0
44482.54,39.056
44482.58,44.624
44482.62,0
44482.66,0
44482.7,0
44482.75,-53.63
44482.79,0
44482.83,-7.42
44482.87,0
44482.91,4.152
44482.95,0
44483,15.608
44483.04,6.192
44483.08,0
44483.12,0
44483.16,8.92
44483.2,98.64
44483.25,61.288
44483.29,0
44483.33,-224.37
44483.37,-95.22
44483.41,0
44483.45,0
44483.5,0
44483.54,0
44483.58,9.488
44483.62,0
44483.66,0
44483.7,0
44483.75,25.4
44483.79,0
44483.83,-41.99
44483.87,0
44483.91,21.504
44483.95,0
44484,-5.9
