JDAY,DLT(s),ELWS(m),T2(C),U(ms-1),Q(m3s-1),SRON(Wm-2),EXT(m-1),DEPTH(m),WIDTH(m),SHADE,Tvolavg(C),NetRad(Wm-2),SWSolar(Wm-2),LWRad(Wm-2),BackRad(Wm-2),EvapF(Wm-2),ConducF(Wm-2),ReaerationCoeff(day-1),
 40544.000,    45.996,    23.811,     4.500,     0.000,     0.000,     0.000,     0.000,    18.805,  1865.885,     1.000,     4.500,  -196.407,     0.000,   209.626,   327.448,    37.377,    41.208,     0.000,
 40544.042,   126.043,    23.805,     4.475,     0.043,   597.281,     0.000,     0.000,    18.799,  1865.885,     1.000,     4.475,  -197.295,     0.000,   209.122,   327.334,    37.125,    41.958,     0.000,
 40544.083,   113.285,    23.831,     4.449,     0.414,  5335.344,     0.000,     0.000,    18.825,  1865.885,     1.000,     4.449,  -199.361,     0.000,   208.060,   327.209,    36.542,    43.670,     0.000,
 40544.125,   113.467,    23.841,     4.420,     0.429,  5608.876,     0.000,     0.000,    18.835,  1865.885,     1.000,     4.420,  -209.376,     0.000,   206.919,   327.073,    39.684,    49.538,     0.000,
 40544.168,   114.152,    23.834,     4.393,     0.384,  5229.262,   900.499,     0.000,    18.828,  1865.885,     1.000,     4.393,   648.459,   849.528,   207.235,   326.950,    36.470,    44.883,     0.000,
 40544.210,   111.941,    23.831,     4.368,     0.391,  5089.237,     0.000,     0.000,    18.825,  1865.885,     1.000,     4.368,  -206.591,     0.000,   207.863,   326.831,    40.261,    47.362,     0.000,
 40544.251,   121.540,    23.832,     4.342,     0.380,  4970.783,     0.000,     0.000,    18.826,  1865.885,     1.000,     4.342,  -203.722,     0.000,   206.276,   326.709,    36.921,    46.367,     0.000,
 40544.293,   110.771,    23.832,     4.316,     0.370,  4943.079,   695.125,     0.000,    18.826,  1865.885,     1.000,     4.316,   452.243,   655.778,   206.416,   326.587,    37.360,    46.004,     0.000,
 40544.335,   116.842,    23.831,     4.290,     0.361,  5042.698,     0.000,     0.000,    18.825,  1865.885,     1.000,     4.290,  -210.313,     0.000,   206.276,   326.463,    40.087,    50.040,     0.000,
 40544.376,   106.729,    23.835,     4.264,     0.372,  4983.113,     0.000,     0.000,    18.829,  1865.885,     1.000,     4.264,  -202.777,     0.000,   206.277,   326.340,    36.687,    46.027,     0.000,
 40544.418,   118.955,    23.831,     4.239,     0.404,  5015.098,     0.000,     0.000,    18.825,  1865.885,     1.000,     4.239,  -193.712,     0.000,   210.317,   326.224,    36.665,    41.140,     0.000,
 40544.458,   115.731,    23.832,     4.216,     0.383,  5016.107,     0.000,     0.000,    18.826,  1865.885,     1.000,     4.216,  -187.527,     0.000,   211.240,   326.114,    35.351,    37.302,     0.000,
 40544.501,   115.570,    23.831,     4.191,     0.387,  5014.524,     0.000,     0.000,    18.825,  1865.885,     1.000,     4.191,  -212.346,     0.000,   211.772,   325.996,    48.750,    49.372,     0.000,
 40544.542,   121.503,    23.831,     4.166,     0.374,  5084.982,     0.000,     0.000,    18.825,  1865.885,     1.000,     4.166,  -196.778,     0.000,   214.375,   325.878,    45.006,    40.268,     0.000,
 40544.585,   120.168,    23.829,     4.140,     0.373,  5133.653,     0.000,     0.000,    18.823,  1865.885,     1.000,     4.140,  -193.095,     0.000,   251.570,   325.759,    64.360,    54.547,     0.000,
 40544.626,   110.663,    23.833,     4.117,     0.393,  5149.658,     0.000,     0.000,    18.827,  1865.885,     1.000,     4.117,  -196.007,     0.000,   236.328,   325.648,    57.783,    48.904,     0.000,
 40544.668,   120.401,    23.829,     4.094,     0.427,  5151.226,     0.000,     0.000,    18.823,  1865.885,     1.000,     4.094,  -189.970,     0.000,   251.790,   325.542,    62.561,    53.657,     0.000,
 40544.708,   126.016,    23.830,     4.076,     0.430,  5070.577,     0.000,     0.000,    18.824,  1865.885,     1.000,     4.076,  -159.833,     0.000,   252.367,   325.454,    46.395,    40.351,     0.000,
 40544.751,   118.358,    23.832,     4.058,     0.429,  5096.176,     0.000,     0.000,    18.826,  1865.885,     1.000,     4.058,  -152.576,     0.000,   252.602,   325.370,    43.207,    36.600,     0.000,
 40544.793,   115.288,    23.831,     4.039,     0.406,  5150.831,   102.437,     0.000,    18.825,  1865.885,     1.000,     4.039,   -78.330,    96.639,   252.797,   325.283,    55.460,    47.023,     0.000,
 40544.834,   118.303,    23.829,     4.021,     0.380,  5163.854,     0.000,     0.000,    18.823,  1865.885,     1.000,     4.021,  -148.725,     0.000,   253.074,   325.198,    40.956,    35.645,     0.000,
 40544.876,   127.152,    23.829,     4.003,     0.409,  5167.974,     0.000,     0.000,    18.823,  1865.885,     1.000,     4.003,  -158.914,     0.000,   252.367,   325.113,    46.242,    39.926,     0.000,
 40544.917,   118.743,    23.831,     3.986,     0.369,  5205.562,     0.000,     0.000,    18.825,  1865.885,     1.000,     3.986,  -160.025,     0.000,   251.927,   325.031,    46.325,    40.597,     0.000,
 40544.960,   116.585,    23.829,     3.929,     0.395,  5186.166,     0.000,     0.000,    18.823,  1865.885,     1.000,     3.966,  -180.433,     0.000,   251.014,   324.791,    56.159,    50.497,     0.000,
 40545.001,   119.484,    23.827,     3.912,     0.410,  5307.725,     0.000,     0.000,    18.821,  1865.885,     1.000,     3.947,  -178.597,     0.000,   251.226,   324.716,    55.209,    49.898,     0.000,
 40545.042,   120.653,    23.830,     3.865,     0.375,  5203.849,     0.000,     0.000,    18.824,  1865.885,     1.000,     3.928,  -175.983,     0.000,   221.426,   324.471,    37.311,    35.626,     0.000,
 40545.085,   119.106,    23.829,     3.864,     0.383,  5194.631,     0.000,     0.000,    18.823,  1865.885,     1.000,     3.906,  -188.445,     0.000,   211.390,   324.493,    36.448,    38.893,     0.000,
 40545.126,   121.365,    23.826,     3.811,     0.378,  5237.784,     0.000,     0.000,    18.820,  1865.885,     1.000,     3.885,  -196.552,     0.000,   211.932,   324.221,    41.268,    42.995,     0.000,
 40545.168,   125.386,    23.826,     3.813,     0.382,  5157.186,    93.484,     0.000,    18.820,  1865.885,     1.000,     3.864,   -76.203,    88.192,   245.209,   324.225,    41.649,    43.731,     0.000,
 40545.208,   126.853,    23.823,     3.790,     0.375,  5146.035,     0.000,     0.000,    18.817,  1865.885,     1.000,     3.849,  -149.502,     0.000,   248.164,   324.105,    36.479,    37.081,     0.000,
 40545.251,   126.243,    23.823,     3.786,     0.405,  5136.039,     0.000,     0.000,    18.817,  1865.885,     1.000,     3.831,  -213.782,     0.000,   212.649,   324.111,    49.542,    52.778,     0.000,
 40545.293,   124.908,    23.821,     3.778,     0.375,  5122.074,     3.850,     0.000,    18.815,  1865.885,     1.000,     3.813,  -213.321,     3.632,   210.863,   324.108,    50.073,    53.636,     0.000,
 40545.333,   126.576,    23.819,     3.786,     0.415,  5068.897,     0.000,     0.000,    18.813,  1865.885,     1.000,     3.809,  -203.324,     0.000,   210.141,   324.124,    42.783,    46.558,     0.000,
 40545.376,   127.799,    23.820,     3.805,     0.389,  5044.867,     0.000,     0.000,    18.814,  1865.885,     1.000,     3.835,  -216.533,     0.000,   216.345,   324.213,    51.371,    57.294,     0.000,
 40545.417,   126.948,    23.821,     3.844,     0.389,  5084.169,     0.000,     0.000,    18.815,  1865.885,     1.000,     3.906,  -222.736,     0.000,   243.376,   324.362,    67.366,    74.384,     0.000,
 40545.458,   127.452,    23.818,     3.958,     0.383,  5052.382,     0.000,     0.000,    18.812,  1865.885,     1.000,     4.008,  -231.174,     0.000,   210.846,   324.868,    56.898,    60.255,     0.000,
 40545.501,   127.798,    23.815,     4.119,     0.368,  5031.596,     0.000,     0.000,    18.809,  1865.885,     1.000,     4.119,  -232.728,     0.000,   215.630,   325.638,    64.514,    58.206,     0.000,
 40545.542,   124.668,    23.815,     4.217,     0.377,  4983.234,     0.000,     0.000,    18.809,  1865.885,     1.000,     4.217,  -215.631,     0.000,   224.374,   326.100,    64.372,    49.533,     0.000,
 40545.584,   118.282,    23.814,     4.295,     0.375,  4940.288,     0.000,     0.000,    18.808,  1865.885,     1.000,     4.295,  -238.118,     0.000,   217.060,   326.472,    71.547,    57.159,     0.000,
 40545.627,   130.899,    23.812,     4.343,     0.370,  4981.906,     0.000,     0.000,    18.806,  1865.885,     1.000,     4.343,  -223.982,     0.000,   217.826,   326.704,    65.047,    50.058,     0.000,
 40545.667,   138.488,    23.813,     4.356,     0.387,  4958.647,     0.000,     0.000,    18.807,  1865.885,     1.000,     4.356,  -283.550,     0.000,   216.526,   326.769,    95.359,    77.948,     0.000,
 40545.709,   121.502,    23.813,     4.347,     0.394,  4841.124,     0.000,     0.000,    18.807,  1865.885,     1.000,     4.347,  -235.966,     0.000,   214.311,   326.727,    63.926,    59.624,     0.000,
 40545.751,   129.719,    23.815,     4.330,     0.336,  4727.162,     0.000,     0.000,    18.809,  1865.885,     1.000,     4.330,  -210.372,     0.000,   212.632,   326.651,    48.040,    48.313,     0.000,
 40545.793,   124.021,    23.811,     4.315,     0.350,  4745.628,     0.000,     0.000,    18.805,  1865.885,     1.000,     4.315,  -209.878,     0.000,   212.658,   326.576,    47.796,    48.164,     0.000,
 40545.834,   132.471,    23.810,     4.303,     0.346,  4710.842,     0.000,     0.000,    18.804,  1865.885,     1.000,     4.303,  -186.897,     0.000,   211.745,   326.520,    35.269,    36.853,     0.000,
 40545.876,   130.779,    23.809,     4.294,     0.364,  4705.009,     0.000,     0.000,    18.803,  1865.885,     1.000,     4.294,  -186.864,     0.000,   211.744,   326.476,    35.318,    36.814,     0.000,
 40545.918,   128.292,    23.808,     4.287,     0.357,  4749.409,     0.000,     0.000,    18.802,  1865.885,     1.000,     4.287,  -168.541,     0.000,   230.304,   326.445,    35.324,    37.076,     0.000,
 40545.959,   127.348,    23.809,     4.283,     0.350,  4750.791,     0.000,     0.000,    18.803,  1865.885,     1.000,     4.283,  -152.295,     0.000,   247.120,   326.425,    35.360,    37.631,     0.000,
 40546.001,   123.850,    23.805,     4.278,     0.361,  4685.028,     0.000,     0.000,    18.799,  1865.885,     1.000,     4.278,  -148.724,     0.000,   248.811,   326.405,    35.852,    35.278,     0.000,
 40546.043,   152.910,    23.810,     4.272,     0.377,  4680.190,   265.283,     0.000,    18.804,  1865.885,     1.000,     4.272,    95.218,   250.267,   248.598,   326.376,    38.791,    38.482,     0.000,
 40546.084,   135.480,    23.806,     4.259,     0.405,  4715.586,     0.000,     0.000,    18.800,  1865.885,     1.000,     4.259,  -202.189,     0.000,   213.561,   326.317,    44.401,    45.031,     0.000,
 40546.126,   131.602,    23.804,     4.239,     0.350,  4749.440,     0.000,     0.000,    18.798,  1865.885,     1.000,     4.239,  -221.686,     0.000,   211.213,   326.222,    51.011,    55.665,     0.000,
 40546.167,   133.845,    23.805,     4.218,     0.373,  4668.502,     0.000,     0.000,    18.799,  1865.885,     1.000,     4.218,  -196.975,     0.000,   210.517,   326.124,    38.910,    42.458,     0.000,
 40546.210,   123.097,    23.803,     4.196,     0.339,  4689.389,     0.000,     0.000,    18.797,  1865.885,     1.000,     4.196,  -215.466,     0.000,   204.423,   326.022,    40.123,    53.744,     0.000,
 40546.251,   135.455,    23.801,     4.175,     0.349,  4722.466,     0.000,     0.000,    18.795,  1865.885,     1.000,     4.175,  -234.847,     0.000,   202.645,   325.921,    46.101,    65.469,     0.000,
 40546.293,   146.629,    23.802,     4.156,     0.343,  4697.660,   792.464,     0.000,    18.796,  1865.885,     1.000,     4.156,   509.776,   747.608,   201.923,   325.833,    46.790,    67.131,     0.000,
 40546.335,   125.233,    23.797,     4.145,     0.345,  4746.627,     0.000,     0.000,    18.791,  1865.885,     1.000,     4.145,  -218.877,     0.000,   222.223,   325.777,    48.188,    67.134,     0.000,
 40546.376,   126.909,    23.798,     4.146,     0.368,  4719.136,     0.000,     0.000,    18.792,  1865.885,     1.000,     4.146,  -193.950,     0.000,   209.002,   325.781,    33.992,    43.178,     0.000,
 40546.418,   126.528,    23.796,     4.158,     0.344,  4693.927,     0.000,     0.000,    18.790,  1865.885,     1.000,     4.158,  -188.231,     0.000,   210.397,   325.833,    34.356,    38.439,     0.000,
 40546.460,   120.411,    23.793,     4.178,     0.332,  4765.530,     0.000,     0.000,    18.787,  1865.885,     1.000,     4.178,  -181.963,     0.000,   212.951,   325.930,    34.607,    34.377,     0.000,
 40546.501,   121.994,    23.791,     4.205,     0.355,  4793.061,     0.000,     0.000,    18.785,  1865.885,     1.000,     4.205,  -176.689,     0.000,   215.328,   326.053,    35.162,    30.802,     0.000,
 40546.543,   120.783,    23.792,     4.234,     0.368,  4719.093,    21.224,     0.000,    18.786,  1865.885,     1.000,     4.234,  -148.142,    20.023,   218.575,   326.189,    34.423,    26.127,     0.000,
 40546.585,   109.642,    23.786,     4.263,     0.369,  4781.919,     0.000,     0.000,    18.780,  1865.885,     1.000,     4.263,  -166.313,     0.000,   219.707,   326.325,    35.055,    24.639,     0.000,
 40546.626,   114.826,    23.784,     4.289,     0.360,  4805.782,     0.000,     0.000,    18.778,  1865.885,     1.000,     4.289,  -167.806,     0.000,   219.056,   326.448,    34.737,    25.676,     0.000,
 40546.668,   119.384,    23.781,     4.309,     0.372,  4810.204,     0.000,     0.000,    18.775,  1865.885,     1.000,     4.309,  -174.505,     0.000,   216.338,   326.545,    34.564,    29.733,     0.000,
 40546.709,   106.911,    23.780,     4.322,     0.367,  4793.678,     0.000,     0.000,    18.774,  1865.885,     1.000,     4.322,  -180.981,     0.000,   216.814,   326.609,    37.377,    33.809,     0.000,
 40546.751,   117.307,    23.780,     4.328,     0.352,  4777.281,     0.000,     0.000,    18.774,  1865.885,     1.000,     4.328,  -180.675,     0.000,   213.949,   326.637,    34.526,    33.460,     0.000,
 40546.793,   120.536,    23.774,     4.326,     0.361,  4842.863,     0.000,     0.000,    18.768,  1865.885,     1.000,     4.326,  -202.602,     0.000,   211.802,   326.627,    42.237,    45.540,     0.000,
 40546.835,   109.337,    23.772,     4.313,     0.367,  4906.285,     0.000,     0.000,    18.766,  1865.885,     1.000,     4.313,  -233.748,     0.000,   210.479,   326.567,    54.752,    62.908,     0.000,
 40546.876,   121.450,    23.768,     4.295,     0.348,  4821.671,     0.000,     0.000,    18.762,  1865.885,     1.000,     4.295,  -195.756,     0.000,   210.479,   326.483,    37.365,    42.387,     0.000,
 40546.917,   108.752,    23.766,     4.275,     0.336,  4813.111,   735.914,     0.000,    18.760,  1865.885,     1.000,     4.275,   497.814,   694.259,   210.330,   326.392,    37.816,    42.566,     0.000,
 40546.960,   110.294,    23.762,     4.253,     0.330,  4883.594,     0.000,     0.000,    18.756,  1865.885,     1.000,     4.253,  -204.126,     0.000,   205.259,   326.289,    35.263,    47.833,     0.000,
 40547.001,   103.419,    23.761,     4.231,     0.432,  4823.328,     0.000,     0.000,    18.755,  1865.885,     1.000,     4.231,  -207.897,     0.000,   203.863,   326.183,    35.239,    50.338,     0.000,
 40547.042,   107.379,    23.758,     4.211,     0.377,  4904.139,     0.000,     0.000,    18.752,  1865.885,     1.000,     4.211,  -209.694,     0.000,   203.281,   326.087,    35.528,    51.359,     0.000,
 40547.085,   119.657,    23.756,     4.194,     0.388,  4916.536,     0.000,     0.000,    18.750,  1865.885,     1.000,     4.194,  -187.803,     0.000,   236.564,   326.011,    39.958,    58.399,     0.000,
 40547.126,   108.184,    23.751,     4.185,     0.372,  4932.933,     0.000,     0.000,    18.745,  1865.885,     1.000,     4.185,  -202.723,     0.000,   236.215,   325.965,    45.626,    67.347,     0.000,
 40547.168,   107.899,    23.746,     4.181,     0.355,  4981.105,   136.020,     0.000,    18.740,  1865.885,     1.000,     4.181,   -45.514,   128.321,   238.122,   325.947,    35.225,    50.785,     0.000,
 40547.209,   104.766,    23.743,     4.183,     0.374,  4934.292,     0.000,     0.000,    18.737,  1865.885,     1.000,     4.183,  -171.173,     0.000,   238.973,   325.953,    34.796,    49.397,     0.000,
 40547.251,   116.576,    23.741,     4.187,     0.386,  4980.968,     0.000,     0.000,    18.735,  1865.885,     1.000,     4.187,  -166.287,     0.000,   240.784,   325.973,    34.542,    46.556,     0.000,
 40547.293,   109.560,    23.737,     4.194,     0.382,  5027.648,     0.000,     0.000,    18.731,  1865.885,     1.000,     4.194,  -165.859,     0.000,   241.138,   326.004,    34.957,    46.036,     0.000,
 40547.335,   114.247,    23.737,     4.202,     0.354,  4999.131,     0.000,     0.000,    18.731,  1865.885,     1.000,     4.202,  -168.683,     0.000,   240.220,   326.044,    35.358,    47.502,     0.000,
 40547.376,   113.176,    23.729,     4.212,     0.364,  5030.266,     0.000,     0.000,    18.723,  1865.885,     1.000,     4.212,  -167.437,     0.000,   240.758,   326.091,    35.398,    46.705,     0.000,
 40547.418,   105.379,    23.724,     4.225,     0.359,  5068.309,   323.820,     0.000,    18.718,  1865.885,     1.000,     4.225,   149.870,   305.491,   244.940,   326.150,    33.929,    40.482,     0.000,
 40547.460,   107.618,    23.719,     4.241,     0.373,  5139.858,     0.000,     0.000,    18.713,  1865.885,     1.000,     4.241,  -147.559,     0.000,   247.004,   326.225,    33.107,    35.232,     0.000,
 40547.501,    85.563,    23.716,     4.255,     0.231,  5438.876,     0.000,     0.000,    18.710,  1865.885,     1.000,     4.255,  -174.694,     0.000,   216.022,   326.294,    32.231,    32.192,     0.000,
 40547.543,    92.530,    23.709,     4.270,     0.263,  5525.742,   257.472,     0.000,    18.703,  1865.885,     1.000,     4.270,    69.606,   242.898,   215.863,   326.363,    32.513,    30.279,     0.000,
 40547.584,    87.665,    23.703,     4.283,     0.232,  5363.469,     0.000,     0.000,    18.697,  1865.885,     1.000,     4.283,  -165.666,     0.000,   218.698,   326.425,    31.773,    26.166,     0.000,
 40547.626,    95.929,    23.696,     4.295,     0.228,  5283.619,     0.000,     0.000,    18.690,  1865.885,     1.000,     4.295,  -165.919,     0.000,   218.875,   326.480,    32.351,    25.963,     0.000,
 40547.668,    90.639,    23.687,     4.305,     0.214,  5249.553,   785.911,     0.000,    18.681,  1865.885,     1.000,     4.305,   575.605,   741.426,   218.875,   326.526,    32.164,    26.006,     0.000,
 40547.709,    99.412,    23.682,     4.313,     0.184,  5286.068,     0.000,     0.000,    18.676,  1865.885,     1.000,     4.313,  -164.650,     0.000,   219.673,   326.565,    30.842,    26.915,     0.000,
 40547.751,    87.240,    23.678,     4.319,     0.227,  5240.303,     0.000,     0.000,    18.672,  1865.885,     1.000,     4.319,  -165.976,     0.000,   218.065,   326.596,    30.208,    27.238,     0.000,
 40547.792,    81.419,    23.668,     4.322,     0.224,  5254.658,   134.431,     0.000,    18.662,  1865.885,     1.000,     4.322,   -38.752,   126.822,   219.232,   326.609,    30.656,    27.541,     0.000,
 40547.834,    81.675,    23.661,     4.320,     0.238,  5426.604,     0.000,     0.000,    18.655,  1865.885,     1.000,     4.320,  -160.891,     0.000,   224.060,   326.601,    29.920,    28.430,     0.000,
 40547.876,    89.474,    23.653,     4.312,     0.307,  5345.063,     0.000,     0.000,    18.647,  1865.885,     1.000,     4.312,  -168.156,     0.000,   216.680,   326.562,    29.035,    29.239,     0.000,
 40547.917,    89.660,    23.645,     4.299,     0.288,  5430.917,     0.000,     0.000,    18.639,  1865.885,     1.000,     4.299,  -132.275,     0.000,   250.966,   326.502,    28.381,    28.358,     0.000,
 40547.959,    88.988,    23.638,     4.286,     0.234,  5383.461,     0.000,     0.000,    18.632,  1865.885,     1.000,     4.286,  -128.948,     0.000,   253.990,   326.439,    28.541,    27.959,     0.000,
 40548.001,    96.639,    23.627,     4.270,     0.238,  5424.555,     0.000,     0.000,    18.621,  1865.885,     1.000,     4.270,  -143.627,     0.000,   238.267,   326.366,    27.637,    27.891,     0.000,
 40548.043,    99.141,    23.622,     4.255,     0.167,  5455.915,   537.013,     0.000,    18.616,  1865.885,     1.000,     4.255,   362.274,   506.616,   237.860,   326.295,    27.533,    28.373,     0.000,
 40548.084,    89.735,    23.613,     4.244,     0.221,  5522.249,     0.000,     0.000,    18.607,  1865.885,     1.000,     4.244,  -166.808,     0.000,   216.478,   326.243,    27.780,    29.263,     0.000,
 40548.126,    89.551,    23.603,     4.242,     0.206,  5509.995,     0.000,     0.000,    18.597,  1865.885,     1.000,     4.242,  -146.293,     0.000,   236.737,   326.231,    26.957,    29.842,     0.000,
 40548.168,    90.402,    23.592,     4.252,     0.303,  5417.608,    83.790,     0.000,    18.586,  1865.885,     1.000,     4.252,   -48.787,    79.047,   253.739,   326.278,    27.413,    27.883,     0.000,
 40548.209,    96.105,    23.584,     4.271,     0.239,  5434.436,     0.000,     0.000,    18.578,  1865.885,     1.000,     4.271,  -142.017,     0.000,   238.893,   326.365,    26.965,    27.580,     0.000,
 40548.251,    93.510,    23.580,     4.294,     0.272,  5435.991,     0.000,     0.000,    18.574,  1865.885,     1.000,     4.294,  -126.314,     0.000,   254.892,   326.475,    27.302,    27.429,     0.000,
 40548.293,    92.608,    23.573,     4.320,     0.283,  5477.849,   260.630,     0.000,    18.567,  1865.885,     1.000,     4.320,   121.708,   245.877,   255.368,   326.599,    25.985,    26.953,     0.000,
 40548.334,    91.762,    23.565,     4.346,     0.235,  5431.949,     0.000,     0.000,    18.559,  1865.885,     1.000,     4.346,  -123.859,     0.000,   255.446,   326.717,    25.622,    26.966,     0.000,
 40548.376,    97.087,    23.559,     4.370,     0.242,  5423.194,     0.000,     0.000,    18.553,  1865.885,     1.000,     4.370,  -119.412,     0.000,   258.013,   326.832,    26.641,    23.951,     0.000,
 40548.418,    94.614,    23.556,     4.391,     0.219,  5370.672,     0.000,     0.000,    18.550,  1865.885,     1.000,     4.391,  -129.556,     0.000,   244.544,   326.933,    26.272,    20.894,     0.000,
 40548.459,    96.833,    23.547,     4.410,     0.231,  5394.720,     0.000,     0.000,    18.541,  1865.885,     1.000,     4.410,  -122.808,     0.000,   247.321,   327.021,    25.510,    17.598,     0.000,
 40548.501,    97.337,    23.541,     4.427,     0.212,  5328.181,     0.000,     0.000,    18.535,  1865.885,     1.000,     4.427,  -100.264,     0.000,   266.567,   327.100,    25.176,    14.555,     0.000,
 40548.542,    98.127,    23.536,     4.440,     0.225,  5334.754,     0.000,     0.000,    18.530,  1865.885,     1.000,     4.440,   -93.887,     0.000,   269.499,   327.164,    24.692,    11.531,     0.000,
 40548.584,    90.000,    23.532,     4.446,     0.196,  5383.799,     0.000,     0.000,    18.526,  1865.885,     1.000,     4.446,   -90.471,     0.000,   270.550,   327.193,    23.351,    10.477,     0.000,
 40548.626,    94.536,    23.532,     4.443,     0.221,  5341.345,     0.000,     0.000,    18.526,  1865.885,     1.000,     4.443,   -82.113,     0.000,   274.250,   327.179,    22.425,     6.759,     0.000,
 40548.667,   106.017,    23.525,     4.433,     0.256,  5348.359,     5.841,     0.000,    18.519,  1865.885,     1.000,     4.433,   -80.640,     5.510,   271.715,   327.133,    21.495,     9.239,     0.000,
 40548.709,    93.410,    23.522,     4.421,     0.189,  5325.654,     0.000,     0.000,    18.516,  1865.885,     1.000,     4.421,   -91.630,     0.000,   268.712,   327.075,    21.000,    12.267,     0.000,
 40548.751,    96.580,    23.517,     4.405,     0.256,  5329.700,     0.000,     0.000,    18.511,  1865.885,     1.000,     4.405,   -96.564,     0.000,   266.239,   327.002,    20.990,    14.811,     0.000,
 40548.792,    92.177,    23.519,     4.386,     0.218,  5342.529,   424.343,     0.000,    18.513,  1865.885,     1.000,     4.386,   290.325,   400.324,   250.944,   326.913,    20.417,    13.614,     0.000,
 40548.834,    98.394,    23.515,     4.367,     0.207,  5254.865,     0.000,     0.000,    18.509,  1865.885,     1.000,     4.367,  -110.024,     0.000,   250.270,   326.823,    19.467,    14.003,     0.000,
 40548.876,    99.845,    23.514,     4.354,     0.235,  5288.687,     0.000,     0.000,    18.508,  1865.885,     1.000,     4.354,   -89.853,     0.000,   268.200,   326.760,    18.780,    12.513,     0.000,
 40548.917,   100.187,    23.515,     4.345,     0.205,  5278.701,   131.297,     0.000,    18.509,  1865.885,     1.000,     4.345,    44.835,   123.865,   271.755,   326.719,    15.247,     8.819,     0.000,
 40548.959,    96.963,    23.515,     4.340,     0.139,  5244.136,     0.000,     0.000,    18.509,  1865.885,     1.000,     4.340,   -98.751,     0.000,   252.089,   326.693,    14.015,    10.133,     0.000,
 40549.001,    96.123,    23.511,     4.339,     0.378,  5229.914,     0.000,     0.000,    18.505,  1865.885,     1.000,     4.339,  -119.471,     0.000,   230.651,   326.691,    12.709,    10.722,     0.000,
 40549.043,    97.944,    23.515,     4.341,     0.218,  5229.585,     0.000,     0.000,    18.509,  1865.885,     1.000,     4.341,  -131.111,     0.000,   226.732,   326.699,    15.565,    15.578,     0.000,
 40549.084,   101.493,    23.517,     4.344,     0.197,  5181.802,     0.000,     0.000,    18.511,  1865.885,     1.000,     4.344,  -134.487,     0.000,   225.448,   326.711,    15.988,    17.236,     0.000,
 40549.126,   100.194,    23.516,     4.348,     0.193,  5188.107,     0.000,     0.000,    18.510,  1865.885,     1.000,     4.348,  -142.705,     0.000,   223.936,   326.729,    18.955,    20.956,     0.000,
 40549.167,   107.623,    23.518,     4.353,     0.125,  5139.462,   267.518,     0.000,    18.512,  1865.885,     1.000,     4.353,   117.832,   252.376,   225.234,   326.756,    15.464,    17.557,     0.000,
 40549.209,   106.772,    23.518,     4.363,     0.185,  5032.592,     0.000,     0.000,    18.512,  1865.885,     1.000,     4.363,   -99.605,     0.000,   262.367,   326.801,    16.282,    18.888,     0.000,
 40549.251,   105.859,    23.518,     4.378,     0.161,  4989.368,     0.000,     0.000,    18.512,  1865.885,     1.000,     4.378,   -93.893,     0.000,   264.372,   326.870,    14.672,    16.723,     0.000,
 40549.292,   106.288,    23.521,     4.394,     0.195,  4997.132,     0.000,     0.000,    18.515,  1865.885,     1.000,     4.394,   -91.176,     0.000,   265.396,   326.945,    13.953,    15.674,     0.000,
 40549.334,   110.564,    23.524,     4.410,     0.245,  4927.152,     0.000,     0.000,    18.518,  1865.885,     1.000,     4.410,   -89.371,     0.000,   265.797,   327.023,    13.393,    14.752,     0.000,
 40549.376,   107.939,    23.527,     4.425,     0.180,  4863.120,     0.000,     0.000,    18.521,  1865.885,     1.000,     4.425,   -98.727,     0.000,   251.926,   327.092,    11.608,    11.953,     0.000,
 40549.418,   101.347,    23.531,     4.437,     0.201,  4804.096,   301.415,     0.000,    18.525,  1865.885,     1.000,     4.437,   191.886,   284.354,   254.557,   327.151,    10.741,     9.133,     0.000,
 40549.459,   109.363,    23.535,     4.447,     0.205,  4824.281,     0.000,     0.000,    18.529,  1865.885,     1.000,     4.447,  -106.276,     0.000,   236.622,   327.196,     9.740,     5.962,     0.000,
 40549.501,   109.618,    23.540,     4.455,     0.179,  4722.590,     0.000,     0.000,    18.534,  1865.885,     1.000,     4.455,   -90.769,     0.000,   241.629,   327.235,     6.313,    -1.150,     0.000,
 40549.543,   103.272,    23.541,     4.464,     0.163,  4754.234,     0.000,     0.000,    18.535,  1865.885,     1.000,     4.464,   -65.713,     0.000,   252.268,   327.276,     2.989,   -12.284,     0.000,
 40549.584,   101.994,    23.544,     4.476,     0.186,  4752.379,     0.000,     0.000,    18.538,  1865.885,     1.000,     4.476,   -22.697,     0.000,   276.090,   327.334,    -3.040,   -25.507,     0.000,
 40549.626,   109.861,    23.549,     4.489,     0.124,  4650.346,     0.000,     0.000,    18.543,  1865.885,     1.000,     4.489,   -40.625,     0.000,   262.583,   327.395,    -3.945,   -20.242,     0.000,
 40549.667,   109.769,    23.553,     4.503,     0.228,  4550.689,     0.000,     0.000,    18.547,  1865.885,     1.000,     4.502,    16.030,     0.000,   305.278,   327.459,    -8.708,   -29.503,     0.000,
 40549.710,   106.660,    23.560,     4.516,     0.230,  4564.568,     0.000,     0.000,    18.554,  1865.885,     1.000,     4.516,    -7.037,     0.000,   298.824,   327.521,    -5.784,   -15.876,     0.000,
 40549.751,   112.822,    23.565,     4.524,     0.150,  4536.344,     0.000,     0.000,    18.559,  1865.885,     1.000,     4.524,   -25.466,     0.000,   291.753,   327.560,     0.666,   -11.008,     0.000,
 40549.793,   117.381,    23.573,     4.523,     0.140,  4449.504,     0.000,     0.000,    18.567,  1865.885,     1.000,     4.523,   -85.444,     0.000,   242.585,   327.555,     4.304,    -3.830,     0.000,
 40549.835,   108.491,    23.578,     4.513,     0.195,  4407.477,     0.000,     0.000,    18.572,  1865.885,     1.000,     4.513,   -98.377,     0.000,   238.705,   327.512,     7.133,     2.436,     0.000,
 40549.876,   109.500,    23.584,     4.500,     0.211,  4323.917,     0.000,     0.000,    18.578,  1865.885,     1.000,     4.500,  -103.742,     0.000,   236.653,   327.452,     8.485,     4.458,     0.000,
 40549.918,   113.230,    23.592,     4.486,     0.189,  4341.620,     0.000,     0.000,    18.586,  1865.885,     1.000,     4.486,  -113.360,     0.000,   233.476,   327.384,    10.768,     8.684,     0.000,
 40549.960,   122.605,    23.598,     4.470,     0.283,  4272.239,     0.000,     0.000,    18.592,  1865.885,     1.000,     4.470,  -123.067,     0.000,   230.239,   327.308,    13.228,    12.771,     0.000,
 40550.001,   113.127,    23.606,     4.452,     0.169,  4169.025,     0.000,     0.000,    18.600,  1865.885,     1.000,     4.452,  -131.505,     0.000,   226.839,   327.225,    15.194,    15.924,     0.000,
 40550.043,   111.260,    23.615,     4.434,     0.231,  4206.802,   915.012,     0.000,    18.609,  1865.885,     1.000,     4.434,   730.323,   863.219,   227.072,   327.141,    15.949,    16.877,     0.000,
 40550.085,   122.076,    23.621,     4.418,     0.164,  4144.715,     0.000,     0.000,    18.615,  1865.885,     1.000,     4.418,  -124.210,     0.000,   228.984,   327.061,    12.994,    13.138,     0.000,
 40550.126,   115.936,    23.630,     4.403,     0.209,  4144.698,     0.000,     0.000,    18.624,  1865.885,     1.000,     4.403,   -88.957,     0.000,   266.527,   326.993,    13.991,    14.500,     0.000,
 40550.168,   111.759,    23.639,     4.394,     0.177,  4163.683,   204.203,     0.000,    18.633,  1865.885,     1.000,     4.394,   111.450,   192.644,   269.214,   326.947,    11.833,    11.628,     0.000,
 40550.210,   117.622,    23.646,     4.386,     0.186,  4119.587,     0.000,     0.000,    18.640,  1865.885,     1.000,     4.386,   -87.216,     0.000,   266.817,   326.911,    13.007,    14.114,     0.000,
 40550.251,   109.645,    23.651,     4.381,     0.178,  4128.210,     0.000,     0.000,    18.645,  1865.885,     1.000,     4.381,   -87.132,     0.000,   267.054,   326.888,    13.455,    13.842,     0.000,
 40550.293,   112.932,    23.659,     4.380,     0.138,  4134.506,   276.246,     0.000,    18.653,  1865.885,     1.000,     4.380,   181.242,   260.609,   269.552,   326.882,    10.821,    11.217,     0.000,
 40550.335,   131.040,    23.666,     4.381,     0.299,  3807.677,     0.000,     0.000,    18.660,  1865.885,     1.000,     4.381,   -82.454,     0.000,   268.385,   326.885,    12.263,    11.691,     0.000,
 40550.377,   147.897,    23.673,     4.382,     0.289,  3919.503,     0.000,     0.000,    18.667,  1865.885,     1.000,     4.382,   -96.276,     0.000,   253.786,   326.891,    12.567,    10.605,     0.000,
 40550.418,   134.535,    23.677,     4.389,     0.295,  4089.996,    27.295,     0.000,    18.671,  1865.885,     1.000,     4.389,    -1.762,    25.750,   287.990,   326.922,    -2.162,    -9.258,     0.000,
 40550.460,   144.092,    23.686,     4.401,     0.336,  4118.418,     0.000,     0.000,    18.680,  1865.885,     1.000,     4.401,   -41.794,     0.000,   263.897,   326.977,    -3.213,   -18.073,     0.000,
 40550.502,   141.387,    23.694,     4.412,     0.276,  4076.797,     0.000,     0.000,    18.688,  1865.885,     1.000,     4.412,   -49.819,     0.000,   258.531,   327.031,    -1.261,   -17.420,     0.000,
 40550.542,   148.146,    23.698,     4.423,     0.312,  4013.058,     0.000,     0.000,    18.692,  1865.885,     1.000,     4.423,   -46.139,     0.000,   260.643,   327.082,     0.097,   -20.398,     0.000,
 40550.585,   147.460,    23.704,     4.434,     0.301,  4017.868,     0.000,     0.000,    18.698,  1865.885,     1.000,     4.434,   -50.156,     0.000,   258.139,   327.136,    -2.251,   -16.589,     0.000,
 40550.627,   149.673,    23.710,     4.447,     0.324,  4067.144,     0.000,     0.000,    18.704,  1865.885,     1.000,     4.447,   -12.447,     0.000,   296.047,   327.196,    -4.418,   -14.283,     0.000,
 40550.667,   145.275,    23.713,     4.464,     0.325,  3990.994,     0.000,     0.000,    18.707,  1865.885,     1.000,     4.463,    -4.910,     0.000,   292.760,   327.273,    -6.874,   -22.729,     0.000,
 40550.710,   130.630,    23.720,     4.481,     0.310,  3899.057,     0.000,     0.000,    18.714,  1865.885,     1.000,     4.481,    -8.286,     0.000,   291.277,   327.357,    -4.539,   -23.255,     0.000,
 40550.752,   140.601,    23.723,     4.496,     0.299,  4091.103,     0.000,     0.000,    18.717,  1865.885,     1.000,     4.496,   -24.604,     0.000,   289.656,   327.428,    -2.639,   -10.529,     0.000,
 40550.793,   129.191,    23.729,     4.511,     0.300,  3998.882,   323.088,     0.000,    18.723,  1865.885,     1.000,     4.511,   284.535,   304.800,   288.818,   327.497,     0.930,   -19.345,     0.000,
 40550.835,   134.918,    23.731,     4.521,     0.282,  3986.458,     0.000,     0.000,    18.725,  1865.885,     1.000,     4.521,   -69.882,     0.000,   249.184,   327.544,     4.645,   -13.123,     0.000,
 40550.877,   145.289,    23.739,     4.525,     0.308,  3907.388,     0.000,     0.000,    18.733,  1865.885,     1.000,     4.525,   -81.812,     0.000,   247.387,   327.565,    19.322,   -17.689,     0.000,
 40550.918,   132.071,    23.739,     4.525,     0.301,  3897.288,     0.000,     0.000,    18.733,  1865.885,     1.000,     4.525,  -105.016,     0.000,   241.940,   327.567,    30.199,   -10.810,     0.000,
 40550.960,   144.715,    23.740,     4.521,     0.314,  3821.289,     0.000,     0.000,    18.734,  1865.885,     1.000,     4.521,  -123.166,     0.000,   239.657,   327.549,    44.639,    -9.365,     0.000,
 40551.002,   143.702,    23.747,     4.517,     0.314,  4109.738,     0.000,     0.000,    18.741,  1865.885,     1.000,     4.517,  -103.205,     0.000,   241.544,   327.529,    18.082,    -0.862,     0.000,
 40551.043,   159.720,    23.755,     4.514,     0.290,  4073.746,     0.000,     0.000,    18.749,  1865.885,     1.000,     4.514,  -108.779,     0.000,   241.823,   327.513,    24.707,    -1.618,     0.000,
 40551.085,   142.462,    23.754,     4.510,     0.299,  4001.008,     0.000,     0.000,    18.748,  1865.885,     1.000,     4.510,  -112.219,     0.000,   241.196,   327.495,    26.601,    -0.681,     0.000,
 40551.127,   141.045,    23.757,     4.505,     0.296,  3861.594,     0.000,     0.000,    18.751,  1865.885,     1.000,     4.505,  -123.993,     0.000,   239.644,   327.471,    33.790,     2.376,     0.000,
 40551.168,   146.819,    23.759,     4.501,     0.276,  3913.656,   247.883,     0.000,    18.753,  1865.885,     1.000,     4.501,   156.773,   233.852,   278.005,   327.453,    27.116,     0.515,     0.000,
 40551.210,   137.787,    23.762,     4.502,     0.312,  3965.458,     0.000,     0.000,    18.756,  1865.885,     1.000,     4.502,   -68.653,     0.000,   280.648,   327.456,    20.837,     1.008,     0.000,
 40551.252,   155.900,    23.765,     4.502,     0.284,  4008.965,     0.000,     0.000,    18.759,  1865.885,     1.000,     4.502,   -69.428,     0.000,   279.125,   327.458,    18.750,     2.345,     0.000,
 40551.293,   132.625,    23.768,     4.501,     0.295,  3896.152,   154.232,     0.000,    18.762,  1865.885,     1.000,     4.501,    68.552,   145.502,   275.840,   327.452,    19.423,     5.915,     0.000,
 40551.335,   146.412,    23.766,     4.494,     0.295,  3937.382,     0.000,     0.000,    18.760,  1865.885,     1.000,     4.494,  -109.909,     0.000,   238.396,   327.421,    16.425,     4.459,     0.000,
 40551.377,   143.247,    23.773,     4.483,     0.274,  3767.415,     0.000,     0.000,    18.767,  1865.885,     1.000,     4.483,  -110.231,     0.000,   242.855,   327.372,    17.406,     8.309,     0.000,
 40551.418,   146.809,    23.772,     4.470,     0.286,  3784.593,   470.831,     0.000,    18.766,  1865.885,     1.000,     4.470,   321.112,   444.180,   237.700,   327.308,    26.539,     6.921,     0.000,
 40551.461,   162.880,    23.771,     4.457,     0.235,  3726.711,     0.000,     0.000,    18.765,  1865.885,     1.000,     4.457,   -81.483,     0.000,   281.687,   327.247,    38.890,    -2.966,     0.000,
 40551.502,   149.953,    23.770,     4.446,     0.347,  3812.643,     0.000,     0.000,    18.764,  1865.885,     1.000,     4.446,  -107.245,     0.000,   262.561,   327.195,    39.852,     2.759,     0.000,
 40551.543,   146.016,    23.777,     4.436,     0.279,  3777.784,   586.659,     0.000,    18.771,  1865.885,     1.000,     4.436,   468.145,   553.452,   264.789,   327.148,    36.620,   -13.673,     0.000,
 40551.586,   158.815,    23.780,     4.428,     0.274,  3881.254,     0.000,     0.000,    18.774,  1865.885,     1.000,     4.428,  -111.845,     0.000,   241.864,   327.111,    29.378,    -2.779,     0.000,
 40551.627,   166.978,    23.779,     4.423,     0.291,  3829.843,     0.000,     0.000,    18.773,  1865.885,     1.000,     4.423,  -120.743,     0.000,   242.653,   327.085,    42.668,    -6.356,     0.000,
 40551.668,   149.720,    23.778,     4.418,     0.249,  3748.193,     0.000,     0.000,    18.772,  1865.885,     1.000,     4.418,  -138.277,     0.000,   239.752,   327.063,    48.722,     2.243,     0.000,
 40551.710,   155.130,    23.780,     4.414,     0.289,  3788.369,     0.000,     0.000,    18.774,  1865.885,     1.000,     4.414,  -142.458,     0.000,   238.604,   327.045,    44.476,     9.541,     0.000,
 40551.752,   161.058,    23.783,     4.414,     0.286,  3882.449,     0.000,     0.000,    18.777,  1865.885,     1.000,     4.414,  -139.436,     0.000,   234.893,   327.041,    33.905,    13.383,     0.000,
 40551.793,   141.196,    23.783,     4.417,     0.305,  4002.977,   570.531,     0.000,    18.777,  1865.885,     1.000,     4.417,   419.317,   538.237,   235.117,   327.055,    19.004,     7.979,     0.000,
 40551.836,   163.296,    23.783,     4.420,     0.334,  3855.394,     0.000,     0.000,    18.777,  1865.885,     1.000,     4.420,  -150.965,     0.000,   229.107,   327.070,    29.665,    23.338,     0.000,
 40551.877,   147.413,    23.781,     4.422,     0.296,  3850.666,     0.000,     0.000,    18.775,  1865.885,     1.000,     4.422,  -135.340,     0.000,   226.601,   327.079,    18.769,    16.093,     0.000,
 40551.918,   152.800,    23.785,     4.423,     0.320,  3810.648,   922.129,     0.000,    18.779,  1865.885,     1.000,     4.423,   731.257,   869.933,   225.476,   327.085,    19.526,    17.542,     0.000,
 40551.961,   153.115,    23.781,     4.421,     0.277,  3754.486,     0.000,     0.000,    18.775,  1865.885,     1.000,     4.421,  -155.110,     0.000,   223.349,   327.078,    25.744,    25.638,     0.000,
 40552.002,   156.830,    23.786,     4.416,     0.261,  3697.303,     0.000,     0.000,    18.780,  1865.885,     1.000,     4.416,  -162.747,     0.000,   226.352,   327.054,    31.988,    30.056,     0.000,
 40552.043,   143.321,    23.782,     4.412,     0.257,  3740.643,   923.192,     0.000,    18.776,  1865.885,     1.000,     4.412,   735.374,   870.936,   226.117,   327.034,    17.960,    16.684,     0.000,
 40552.086,   148.588,    23.784,     4.410,     0.306,  3845.511,     0.000,     0.000,    18.778,  1865.885,     1.000,     4.410,  -123.564,     0.000,   245.904,   327.022,    20.977,    21.469,     0.000,
 40552.127,   145.358,    23.781,     4.409,     0.282,  3862.340,     0.000,     0.000,    18.775,  1865.885,     1.000,     4.409,  -121.476,     0.000,   260.704,   327.017,    26.669,    28.494,     0.000,
 40552.168,   136.927,    23.781,     4.406,     0.275,  3829.999,   469.334,     0.000,    18.775,  1865.885,     1.000,     4.406,   298.863,   442.768,   231.440,   327.006,    23.559,    24.779,     0.000,
 40552.210,   155.063,    23.782,     4.402,     0.296,  3788.832,     0.000,     0.000,    18.776,  1865.885,     1.000,     4.402,  -155.142,     0.000,   220.596,   326.985,    22.587,    26.166,     0.000,
 40552.252,   158.609,    23.784,     4.396,     0.296,  3757.288,     0.000,     0.000,    18.778,  1865.885,     1.000,     4.396,  -139.826,     0.000,   230.400,   326.960,    20.807,    22.460,     0.000,
 40552.293,   151.254,    23.781,     4.391,     0.305,  3834.707,   195.572,     0.000,    18.775,  1865.885,     1.000,     4.391,    46.065,   184.502,   229.522,   326.933,    19.294,    21.733,     0.000,
 40552.335,   146.756,    23.784,     4.383,     0.297,  3863.024,     0.000,     0.000,    18.778,  1865.885,     1.000,     4.383,  -112.974,     0.000,   258.407,   326.900,    20.892,    23.589,     0.000,
 40552.377,   138.826,    23.784,     4.372,     0.287,  3899.823,     0.000,     0.000,    18.778,  1865.885,     1.000,     4.372,  -139.760,     0.000,   230.204,   326.849,    20.485,    22.630,     0.000,
 40552.418,   155.292,    23.784,     4.357,     0.286,  3902.347,   552.622,     0.000,    18.778,  1865.885,     1.000,     4.357,   412.593,   521.341,   248.703,   326.777,    15.938,    14.736,     0.000,
 40552.460,   145.641,    23.785,     4.344,     0.299,  3885.278,     0.000,     0.000,    18.779,  1865.885,     1.000,     4.344,   -76.876,     0.000,   271.840,   326.717,    13.269,     8.731,     0.000,
 40552.502,   153.403,    23.783,     4.332,     0.296,  3953.193,     0.000,     0.000,    18.777,  1865.885,     1.000,     4.332,   -66.902,     0.000,   276.699,   326.661,    13.036,     3.904,     0.000,
 40552.543,   148.137,    23.786,     4.317,     0.319,  3933.060,   127.673,     0.000,    18.780,  1865.885,     1.000,     4.317,    39.122,   120.446,   261.196,   326.590,    13.494,     2.437,     0.000,
 40552.585,   148.465,    23.786,     4.293,     0.319,  3965.529,     0.000,     0.000,    18.780,  1865.885,     1.000,     4.293,  -102.855,     0.000,   239.650,   326.476,    15.738,     0.291,     0.000,
 40552.627,   151.294,    23.787,     4.262,     0.297,  3957.234,     0.000,     0.000,    18.781,  1865.885,     1.000,     4.262,  -104.004,     0.000,   238.847,   326.334,    15.505,     1.010,     0.000,
 40552.668,   145.496,    23.787,     4.233,     0.287,  3999.326,    97.577,     0.000,    18.781,  1865.885,     1.000,     4.233,    26.840,    92.054,   276.942,   326.194,    14.488,     1.473,     0.000,
 40552.711,   149.045,    23.788,     4.210,     0.306,  4011.211,     0.000,     0.000,    18.782,  1865.885,     1.000,     4.210,   -79.640,     0.000,   273.517,   326.086,    19.823,     7.247,     0.000,
 40552.752,   148.400,    23.788,     4.191,     0.334,  4171.952,     0.000,     0.000,    18.782,  1865.885,     1.000,     4.191,  -137.140,     0.000,   253.775,   325.995,    40.966,    23.955,     0.000,
 40552.793,   137.131,    23.791,     4.175,     0.287,  3982.412,     0.000,     0.000,    18.785,  1865.885,     1.000,     4.175,  -110.098,     0.000,   247.701,   325.919,    16.167,    15.713,     0.000,
 40552.835,   128.143,    23.793,     4.162,     0.309,  4025.676,     0.000,     0.000,    18.787,  1865.885,     1.000,     4.162,   -96.686,     0.000,   264.320,   325.860,    17.750,    17.397,     0.000,
 40552.877,   149.721,    23.794,     4.151,     0.293,  4096.181,     0.000,     0.000,    18.788,  1865.885,     1.000,     4.151,  -113.999,     0.000,   262.773,   325.809,    24.914,    26.049,     0.000,
 40552.918,   138.167,    23.795,     4.145,     0.325,  4107.669,    66.429,     0.000,    18.789,  1865.885,     1.000,     4.145,   -56.351,    62.668,   263.533,   325.776,    26.807,    29.968,     0.000,
 40552.960,   132.552,    23.797,     4.146,     0.311,  4121.621,     0.000,     0.000,    18.791,  1865.885,     1.000,     4.146,  -107.758,     0.000,   264.818,   325.779,    24.675,    22.122,     0.000,
 40553.001,   131.653,    23.797,     4.151,     0.319,  4057.265,     0.000,     0.000,    18.791,  1865.885,     1.000,     4.151,   -96.844,     0.000,   263.043,   325.804,    16.870,    17.214,     0.000,
 40553.043,   149.364,    23.799,     4.157,     0.299,  4118.739,   265.880,     0.000,    18.793,  1865.885,     1.000,     4.157,   149.907,   250.830,   261.318,   325.830,    17.226,    19.184,     0.000,
 40553.085,   132.852,    23.800,     4.161,     0.320,  4186.615,     0.000,     0.000,    18.794,  1865.885,     1.000,     4.161,  -113.003,     0.000,   260.461,   325.852,    22.335,    25.279,     0.000,
 40553.127,   142.023,    23.802,     4.164,     0.328,  4196.716,     0.000,     0.000,    18.796,  1865.885,     1.000,     4.164,  -117.543,     0.000,   260.715,   325.865,    25.335,    27.058,     0.000,
 40553.168,   120.428,    23.801,     4.165,     0.311,  4277.391,   227.113,     0.000,    18.795,  1865.885,     1.000,     4.165,    76.825,   214.257,   260.461,   325.872,    35.877,    36.145,     0.000,
 40553.210,   115.980,    23.799,     4.167,     0.322,  4244.369,     0.000,     0.000,    18.793,  1865.885,     1.000,     4.167,  -126.667,     0.000,   260.942,   325.877,    32.506,    29.225,     0.000,
 40553.252,   131.172,    23.797,     4.169,     0.315,  4220.888,     0.000,     0.000,    18.791,  1865.885,     1.000,     4.169,  -129.431,     0.000,   259.966,   325.888,    32.595,    30.915,     0.000,
 40553.293,   122.583,    23.801,     4.171,     0.313,  4296.432,   266.854,     0.000,    18.795,  1865.885,     1.000,     4.171,   116.056,   251.749,   260.002,   325.900,    35.934,    33.862,     0.000,
 40553.335,   130.464,    23.799,     4.174,     0.361,  4281.667,     0.000,     0.000,    18.793,  1865.885,     1.000,     4.174,  -119.810,     0.000,   260.715,   325.911,    29.556,    25.058,     0.000,
 40553.376,   132.584,    23.797,     4.174,     0.332,  4333.348,     0.000,     0.000,    18.791,  1865.885,     1.000,     4.174,  -129.029,     0.000,   259.744,   325.911,    31.533,    31.329,     0.000,
 40553.418,   126.383,    23.796,     4.168,     0.339,  4398.172,     0.000,     0.000,    18.790,  1865.885,     1.000,     4.168,  -118.166,     0.000,   262.009,   325.884,    29.185,    25.106,     0.000,
 40553.460,   136.613,    23.793,     4.157,     0.340,  4329.945,     0.000,     0.000,    18.787,  1865.885,     1.000,     4.157,  -106.608,     0.000,   262.808,   325.835,    24.323,    19.259,     0.000,
 40553.501,   123.603,    23.789,     4.142,     0.365,  4413.430,     0.000,     0.000,    18.783,  1865.885,     1.000,     4.142,  -134.537,     0.000,   263.821,   325.763,    45.890,    26.705,     0.000,
 40553.543,   117.322,    23.784,     4.124,     0.373,  4465.106,   100.250,     0.000,    18.778,  1865.885,     1.000,     4.124,   -33.429,    94.575,   261.806,   325.679,    38.852,    25.279,     0.000,
 40553.585,   113.230,    23.781,     4.102,     0.331,  4506.543,     0.000,     0.000,    18.775,  1865.885,     1.000,     4.102,  -153.586,     0.000,   261.729,   325.578,    56.207,    33.531,     0.000,
 40553.626,   127.548,    23.778,     4.077,     0.375,  4503.620,     0.000,     0.000,    18.772,  1865.885,     1.000,     4.077,  -161.974,     0.000,   261.508,   325.461,    60.784,    37.238,     0.000,
 40553.668,   122.622,    23.776,     4.051,     0.355,  4506.793,     0.000,     0.000,    18.770,  1865.885,     1.000,     4.051,  -182.967,     0.000,   259.742,   325.339,    72.144,    45.226,     0.000,
 40553.710,   134.180,    23.766,     4.026,     0.337,  4596.456,     0.000,     0.000,    18.760,  1865.885,     1.000,     4.026,  -188.477,     0.000,   257.927,   325.221,    71.924,    49.259,     0.000,
 40553.751,   130.342,    23.762,     4.004,     0.349,  4481.028,     0.000,     0.000,    18.756,  1865.885,     1.000,     4.004,  -160.600,     0.000,   256.509,   325.118,    52.382,    39.608,     0.000,
 40553.793,   132.677,    23.759,     3.987,     0.320,  4527.668,     0.000,     0.000,    18.753,  1865.885,     1.000,     3.987,  -160.327,     0.000,   255.390,   325.038,    52.643,    38.036,     0.000,
 40553.835,   117.298,    23.750,     3.959,     0.360,  4547.238,     0.000,     0.000,    18.744,  1865.885,     1.000,     3.979,  -148.371,     0.000,   253.883,   324.831,    43.895,    33.528,     0.000,
 40553.876,   127.180,    23.742,     3.968,     0.350,  4587.901,     0.000,     0.000,    18.736,  1865.885,     1.000,     3.979,  -138.416,     0.000,   252.568,   324.943,    37.080,    28.960,     0.000,
 40553.918,   110.004,    23.737,     3.983,     0.368,  4606.406,     0.000,     0.000,    18.731,  1865.885,     1.000,     3.983,  -159.765,     0.000,   252.568,   325.016,    48.239,    39.078,     0.000,
 40553.960,   126.720,    23.730,     3.987,     0.362,  4711.248,     0.000,     0.000,    18.724,  1865.885,     1.000,     3.987,  -142.166,     0.000,   253.251,   325.032,    39.578,    30.806,     0.000,
 40554.001,   118.612,    23.722,     3.992,     0.365,  4694.425,     0.000,     0.000,    18.716,  1865.885,     1.000,     3.992,  -152.869,     0.000,   253.481,   325.058,    46.458,    34.835,     0.000,
 40554.043,   122.470,    23.711,     3.999,     0.326,  4731.086,    84.234,     0.000,    18.705,  1865.885,     1.000,     3.999,   -73.519,    79.466,   253.481,   325.088,    46.509,    34.870,     0.000,
 40554.085,   114.910,    23.704,     4.004,     0.361,  4726.749,     0.000,     0.000,    18.698,  1865.885,     1.000,     4.004,  -170.669,     0.000,   252.093,   325.115,    53.443,    44.203,     0.000,
 40554.126,   130.737,    23.697,     4.008,     0.354,  4713.244,     0.000,     0.000,    18.691,  1865.885,     1.000,     4.008,  -170.982,     0.000,   251.894,   325.132,    53.142,    44.602,     0.000,
 40554.168,   114.370,    23.688,     4.006,     0.381,  4679.311,   173.872,     0.000,    18.682,  1865.885,     1.000,     4.006,   -36.354,   164.030,   235.150,   325.124,    58.686,    51.724,     0.000,
 40554.210,   122.988,    23.685,     3.996,     0.351,  4665.262,     0.000,     0.000,    18.679,  1865.885,     1.000,     3.996,  -181.210,     0.000,   248.335,   325.080,    55.425,    49.040,     0.000,
 40554.252,   130.246,    23.679,     3.956,     0.349,  4677.718,     0.000,     0.000,    18.673,  1865.885,     1.000,     3.977,  -216.708,     0.000,   220.617,   324.808,    59.574,    52.944,     0.000,
 40554.293,   112.337,    23.671,     3.877,     0.361,  4657.370,     0.000,     0.000,    18.665,  1865.885,     1.000,     3.950,  -211.133,     0.000,   215.364,   324.345,    54.975,    47.177,     0.000,
 40554.335,   113.198,    23.669,     3.830,     0.344,  4626.566,     0.000,     0.000,    18.663,  1865.885,     1.000,     3.918,  -218.811,     0.000,   232.843,   324.076,    69.032,    58.546,     0.000,
 40554.376,   121.448,    23.664,     3.867,     0.378,  4729.687,     0.000,     0.000,    18.658,  1865.885,     1.000,     3.876,  -293.354,     0.000,   214.847,   324.039,    98.347,    85.814,     0.000,
 40554.418,   119.469,    23.665,     3.763,     0.332,  4510.443,   260.904,     0.000,    18.659,  1865.885,     1.000,     3.832,    15.207,   246.136,   214.299,   323.819,    65.576,    55.833,     0.000,
 40554.460,   111.946,    23.661,     3.733,     0.386,  4562.164,     0.000,     0.000,    18.655,  1865.885,     1.000,     3.789,  -293.089,     0.000,   215.762,   323.677,   102.774,    82.401,     0.000,
 40554.501,   126.287,    23.656,     3.646,     0.405,  4553.608,     0.000,     0.000,    18.650,  1865.885,     1.000,     3.746,  -246.090,     0.000,   237.812,   323.155,    92.116,    68.630,     0.000,
 40554.543,   115.722,    23.658,     3.646,     0.364,  4394.760,     0.000,     0.000,    18.652,  1865.885,     1.000,     3.712,  -228.388,     0.000,   225.568,   323.212,    76.923,    53.821,     0.000,
 40554.585,   132.429,    23.659,     3.644,     0.377,  4344.944,     0.000,     0.000,    18.653,  1865.885,     1.000,     3.686,  -184.189,     0.000,   255.060,   323.322,    67.161,    48.766,     0.000,
 40554.627,   128.119,    23.660,     3.625,     0.322,  4376.200,     0.000,     0.000,    18.654,  1865.885,     1.000,     3.663,  -195.539,     0.000,   253.925,   323.255,    69.596,    56.613,     0.000,
 40554.668,   122.918,    23.659,     3.630,     0.353,  4359.332,    54.961,     0.000,    18.653,  1865.885,     1.000,     3.644,  -122.322,    51.850,   253.258,   323.335,    55.808,    48.287,     0.000,
 40554.710,   126.708,    23.663,     3.611,     0.341,  4283.645,     0.000,     0.000,    18.657,  1865.885,     1.000,     3.631,  -173.868,     0.000,   250.931,   323.278,    49.092,    52.429,     0.000,
 40554.751,   110.838,    23.662,     3.605,     0.347,  4300.244,     0.000,     0.000,    18.656,  1865.885,     1.000,     3.622,  -136.534,     0.000,   249.642,   323.245,    28.888,    34.044,     0.000,
 40554.793,   126.555,    23.668,     3.570,     0.314,  4276.111,     9.038,     0.000,    18.662,  1865.885,     1.000,     3.616,  -129.093,     8.527,   250.498,   323.009,    32.548,    32.560,     0.000,
 40554.835,   132.642,    23.669,     3.588,     0.342,  4298.977,     0.000,     0.000,    18.663,  1865.885,     1.000,     3.615,  -138.015,     0.000,   250.079,   323.089,    31.560,    33.445,     0.000,
 40554.877,   122.042,    23.676,     3.587,     0.324,  4242.024,     0.000,     0.000,    18.670,  1865.885,     1.000,     3.614,  -154.193,     0.000,   249.674,   323.088,    38.578,    42.201,     0.000,
 40554.918,   115.590,    23.676,     3.589,     0.328,  4219.133,    27.582,     0.000,    18.670,  1865.885,     1.000,     3.615,  -123.472,    26.021,   248.410,   323.071,    33.831,    41.001,     0.000,
 40554.960,   119.317,    23.684,     3.593,     0.316,  4224.784,     0.000,     0.000,    18.678,  1865.885,     1.000,     3.615,  -139.036,     0.000,   248.166,   323.095,    28.209,    35.898,     0.000,
 40555.001,   128.000,    23.690,     3.562,     0.303,  4147.971,     0.000,     0.000,    18.684,  1865.885,     1.000,     3.616,  -134.498,     0.000,   247.741,   322.888,    25.847,    33.503,     0.000,
 40555.043,   128.490,    23.699,     3.576,     0.312,  4156.575,     4.156,     0.000,    18.693,  1865.885,     1.000,     3.609,  -144.566,     3.921,   247.957,   323.013,    32.015,    41.416,     0.000,
 40555.085,   134.672,    23.703,     3.568,     0.370,  4198.293,     0.000,     0.000,    18.697,  1865.885,     1.000,     3.597,  -148.170,     0.000,   247.756,   323.062,    31.433,    41.432,     0.000,
 40555.127,   134.760,    23.712,     3.571,     0.311,  4144.965,     0.000,     0.000,    18.706,  1865.885,     1.000,     3.586,  -133.218,     0.000,   248.180,   323.057,    25.286,    33.054,     0.000,
 40555.168,   134.268,    23.716,     3.546,     0.332,  4184.858,   318.864,     0.000,    18.710,  1865.885,     1.000,     3.574,   167.916,   300.815,   248.180,   322.893,    25.281,    32.903,     0.000,
 40555.210,   130.408,    23.725,     3.532,     0.327,  4184.945,     0.000,     0.000,    18.719,  1865.885,     1.000,     3.559,  -132.467,     0.000,   248.226,   322.730,    25.274,    32.688,     0.000,
 40555.251,   116.436,    23.728,     3.530,     0.352,  4272.228,     0.000,     0.000,    18.722,  1865.885,     1.000,     3.544,  -129.061,     0.000,   249.482,   322.866,    24.572,    31.105,     0.000,
 40555.293,   124.188,    23.733,     3.514,     0.296,  4238.964,   321.815,     0.000,    18.727,  1865.885,     1.000,     3.528,   176.693,   303.599,   250.103,   322.786,    24.026,    30.197,     0.000,
 40555.335,   121.289,    23.737,     3.493,     0.310,  4322.220,     0.000,     0.000,    18.731,  1865.885,     1.000,     3.513,  -120.107,     0.000,   252.163,   322.608,    22.338,    27.324,     0.000,
 40555.377,   121.956,    23.741,     3.461,     0.336,  4309.451,     0.000,     0.000,    18.735,  1865.885,     1.000,     3.498,  -118.665,     0.000,   253.070,   322.419,    23.340,    25.976,     0.000,
 40555.418,   121.871,    23.745,     3.471,     0.334,  4337.565,     0.000,     0.000,    18.739,  1865.885,     1.000,     3.484,  -124.944,     0.000,   240.773,   322.504,    21.706,    21.507,     0.000,
 40555.460,   128.897,    23.751,     3.443,     0.318,  4389.277,     0.000,     0.000,    18.745,  1865.885,     1.000,     3.473,  -103.721,     0.000,   258.041,   322.341,    19.642,    19.780,     0.000,
 40555.501,   124.748,    23.754,     3.454,     0.389,  4370.316,     0.000,     0.000,    18.748,  1865.885,     1.000,     3.466,  -101.888,     0.000,   258.747,   322.461,    19.119,    19.055,     0.000,
 40555.543,   121.949,    23.754,     3.433,     0.378,  4443.570,   122.928,     0.000,    18.748,  1865.885,     1.000,     3.461,    19.630,   115.970,   260.225,   322.342,    17.005,    17.218,     0.000,
 40555.585,   108.558,    23.760,     3.432,     0.323,  4418.980,     0.000,     0.000,    18.754,  1865.885,     1.000,     3.459,   -88.361,     0.000,   262.624,   322.448,    13.956,    14.582,     0.000,
 40555.626,   119.311,    23.761,     3.436,     0.347,  4491.154,     0.000,     0.000,    18.755,  1865.885,     1.000,     3.462,   -84.038,     0.000,   263.856,   322.441,    12.254,    13.199,     0.000,
 40555.668,   121.276,    23.763,     3.438,     0.317,  4503.088,   583.871,     0.000,    18.757,  1865.885,     1.000,     3.467,   454.330,   550.821,   248.523,   322.475,    10.760,    11.780,     0.000,
 40555.710,   133.183,    23.766,     3.451,     0.331,  4508.635,     0.000,     0.000,    18.760,  1865.885,     1.000,     3.478,   -91.239,     0.000,   250.971,   322.538,     9.535,    10.137,     0.000,
 40555.751,   119.398,    23.766,     3.474,     0.353,  4559.843,     0.000,     0.000,    18.760,  1865.885,     1.000,     3.492,   -62.234,     0.000,   271.345,   322.645,     5.459,     5.475,     0.000,
 40555.793,   119.016,    23.769,     3.486,     0.339,  4537.328,   316.758,     0.000,    18.763,  1865.885,     1.000,     3.508,   232.965,   298.828,   270.470,   322.693,     6.675,     6.965,     0.000,
 40555.835,   110.992,    23.768,     3.508,     0.344,  4578.035,     0.000,     0.000,    18.762,  1865.885,     1.000,     3.523,   -66.860,     0.000,   269.817,   322.803,     6.693,     7.182,     0.000,
 40555.876,   108.476,    23.768,     3.529,     0.343,  4629.623,     0.000,     0.000,    18.762,  1865.885,     1.000,     3.537,   -70.998,     0.000,   268.447,   322.899,     7.850,     8.695,     0.000,
 40555.918,   119.986,    23.765,     3.525,     0.388,  4663.612,   289.411,     0.000,    18.759,  1865.885,     1.000,     3.553,   197.353,   273.029,   267.347,   322.875,     9.451,    10.697,     0.000,
 40555.960,   109.692,    23.771,     3.545,     0.369,  4552.780,     0.000,     0.000,    18.765,  1865.885,     1.000,     3.571,   -95.798,     0.000,   248.510,   322.972,     9.921,    11.416,     0.000,
 40556.001,   120.845,    23.765,     3.579,     0.361,  4634.111,     0.000,     0.000,    18.759,  1865.885,     1.000,     3.590,  -110.833,     0.000,   234.343,   322.942,    10.300,    11.934,     0.000,
 40556.043,   120.983,    23.767,     3.598,     0.377,  4707.841,   403.413,     0.000,    18.761,  1865.885,     1.000,     3.610,   286.327,   380.578,   249.368,   323.143,     9.511,    10.965,     0.000,
 40556.085,   118.325,    23.764,     3.598,     0.345,  4753.304,     0.000,     0.000,    18.758,  1865.885,     1.000,     3.633,   -76.308,     0.000,   266.853,   323.218,     9.269,    10.673,     0.000,
 40556.126,   117.805,    23.764,     3.639,     0.392,  4684.939,     0.000,     0.000,    18.758,  1865.885,     1.000,     3.652,   -73.053,     0.000,   268.199,   323.414,     8.408,     9.431,     0.000,
 40556.168,   119.055,    23.763,     3.632,     0.356,  4659.056,   303.438,     0.000,    18.757,  1865.885,     1.000,     3.666,   209.440,   286.263,   266.822,   323.374,     9.421,    10.850,     0.000,
 40556.210,   121.560,    23.764,     3.647,     0.358,  4757.011,     0.000,     0.000,    18.758,  1865.885,     1.000,     3.676,   -84.328,     0.000,   266.809,   323.452,    12.865,    14.819,     0.000,
 40556.251,   118.817,    23.763,     3.676,     0.376,  4774.840,     0.000,     0.000,    18.757,  1865.885,     1.000,     3.681,   -82.402,     0.000,   266.809,   323.544,    11.908,    13.759,     0.000,
 40556.293,   118.049,    23.763,     3.651,     0.358,  4723.085,     0.000,     0.000,    18.757,  1865.885,     1.000,     3.685,   -77.014,     0.000,   266.809,   323.466,     9.409,    10.949,     0.000,
 40556.335,   119.900,    23.764,     3.660,     0.345,  4730.040,     0.000,     0.000,    18.758,  1865.885,     1.000,     3.689,   -91.003,     0.000,   251.208,   323.517,     8.693,    10.001,     0.000,
 40556.376,   125.771,    23.762,     3.681,     0.350,  4735.480,     0.000,     0.000,    18.756,  1865.885,     1.000,     3.696,   -68.006,     0.000,   271.598,   323.611,     7.691,     8.302,     0.000,
 40556.418,   125.166,    23.764,     3.699,     0.366,  4772.359,   365.525,     0.000,    18.758,  1865.885,     1.000,     3.708,   277.674,   344.835,   259.361,   323.603,     1.711,     1.208,     0.000,
 40556.460,   130.505,    23.761,     3.701,     0.348,  4723.502,     0.000,     0.000,    18.755,  1865.885,     1.000,     3.722,   -76.529,     0.000,   246.458,   323.705,     0.044,    -0.761,     0.000,
 40556.501,   124.651,    23.766,     3.707,     0.332,  4757.272,     0.000,     0.000,    18.760,  1865.885,     1.000,     3.738,   -48.721,     0.000,   263.140,   323.723,    -4.886,    -6.976,     0.000,
 40556.543,   127.196,    23.760,     3.726,     0.406,  4747.732,     0.000,     0.000,    18.754,  1865.885,     1.000,     3.756,   -57.533,     0.000,   246.944,   323.816,    -8.469,   -10.870,     0.000,
 40556.585,   124.989,    23.762,     3.777,     0.338,  4720.671,     0.000,     0.000,    18.756,  1865.885,     1.000,     3.776,    19.323,     0.000,   301.619,   324.047,   -19.031,   -22.720,     0.000,
 40556.626,   133.483,    23.762,     3.800,     0.361,  4771.709,     0.000,     0.000,    18.756,  1865.885,     1.000,     3.800,     4.439,     0.000,   296.866,   324.156,   -14.084,   -17.644,     0.000,
 40556.668,   128.422,    23.764,     3.822,     0.396,  4763.807,   432.116,     0.000,    18.758,  1865.885,     1.000,     3.822,   407.253,   407.656,   279.779,   324.257,   -21.471,   -22.604,     0.000,
 40556.710,   127.950,    23.764,     3.842,     0.331,  4761.931,     0.000,     0.000,    18.758,  1865.885,     1.000,     3.842,    -2.898,     0.000,   292.605,   324.350,   -13.823,   -15.024,     0.000,
 40556.751,   134.313,    23.761,     3.862,     0.364,  4799.642,     0.000,     0.000,    18.755,  1865.885,     1.000,     3.862,    28.683,     0.000,   294.981,   324.444,   -26.060,   -32.087,     0.000,
 40556.793,   130.622,    23.767,     3.886,     0.385,  4735.325,     0.000,     0.000,    18.761,  1865.885,     1.000,     3.886,    68.121,     0.000,   319.166,   324.560,   -33.355,   -40.160,     0.000,
 40556.835,   130.312,    23.764,     3.914,     0.432,  4767.709,     0.000,     0.000,    18.758,  1865.885,     1.000,     3.914,    69.596,     0.000,   322.292,   324.688,   -30.247,   -41.745,     0.000,
 40556.876,   133.429,    23.763,     3.940,     0.383,  4821.534,     0.000,     0.000,    18.757,  1865.885,     1.000,     3.940,    57.080,     0.000,   323.143,   324.811,   -24.413,   -34.335,     0.000,
 40556.918,   133.626,    23.764,     3.968,     0.363,  4680.395,     0.000,     0.000,    18.758,  1865.885,     1.000,     3.968,   162.063,     0.000,   321.353,   324.943,   -70.866,   -94.787,     0.000,
 40556.960,   131.014,    23.762,     4.011,     0.383,  4806.828,     0.000,     0.000,    18.756,  1865.885,     1.000,     3.996,    59.144,     0.000,   320.362,   325.128,   -28.743,   -35.166,     0.000,
 40557.002,   135.348,    23.765,     4.035,     0.334,  4837.537,     0.000,     0.000,    18.759,  1865.885,     1.000,     4.013,    54.774,     0.000,   320.297,   325.253,   -24.735,   -34.995,     0.000,
 40557.043,   131.269,    23.764,     4.035,     0.383,  4839.766,     0.000,     0.000,    18.758,  1865.885,     1.000,     4.024,    51.214,     0.000,   319.901,   325.245,   -21.831,   -34.727,     0.000,
 40557.085,   136.398,    23.760,     4.063,     0.381,  4773.832,     0.000,     0.000,    18.754,  1865.885,     1.000,     4.035,   101.575,     0.000,   296.437,   325.368,   -49.300,   -81.206,     0.000,
 40557.126,   130.002,    23.760,     4.058,     0.367,  4817.080,     0.000,     0.000,    18.754,  1865.885,     1.000,     4.046,    45.485,     0.000,   273.307,   325.351,   -36.977,   -60.552,     0.000,
 40557.168,   131.530,    23.766,     4.072,     0.402,  4822.146,     0.000,     0.000,    18.760,  1865.885,     1.000,     4.056,    76.204,     0.000,   314.308,   325.427,   -34.138,   -53.185,     0.000,
 40557.210,   142.909,    23.764,     4.092,     0.352,  4926.933,     0.000,     0.000,    18.758,  1865.885,     1.000,     4.068,    65.786,     0.000,   315.250,   325.514,   -29.507,   -46.543,     0.000,
 40557.252,   134.998,    23.766,     4.083,     0.383,  5006.715,     0.000,     0.000,    18.760,  1865.885,     1.000,     4.079,    23.891,     0.000,   301.971,   325.479,   -20.382,   -27.018,     0.000,
 40557.293,   132.540,    23.766,     4.086,     0.352,  4967.375,     0.000,     0.000,    18.760,  1865.885,     1.000,     4.086,   -15.691,     0.000,   279.092,   325.500,   -13.962,   -16.754,     0.000,
 40557.335,   133.834,    23.768,     4.092,     0.362,  4893.063,     0.000,     0.000,    18.762,  1865.885,     1.000,     4.092,    -2.447,     0.000,   294.739,   325.527,   -13.422,   -14.920,     0.000,
 40557.376,   117.839,    23.765,     4.105,     0.366,  4985.144,     0.000,     0.000,    18.759,  1865.885,     1.000,     4.102,     7.778,     0.000,   298.970,   325.584,   -16.639,   -17.754,     0.000,
 40557.418,   131.756,    23.767,     4.127,     0.371,  4950.925,     0.000,     0.000,    18.761,  1865.885,     1.000,     4.119,    24.007,     0.000,   301.895,   325.687,   -23.545,   -24.253,     0.000,
 40557.460,   127.361,    23.769,     4.151,     0.433,  4900.238,     0.000,     0.000,    18.763,  1865.885,     1.000,     4.140,    33.356,     0.000,   310.579,   325.797,   -23.266,   -25.308,     0.000,
 40557.501,   133.414,    23.767,     4.192,     0.364,  5038.784,     0.000,     0.000,    18.761,  1865.885,     1.000,     4.166,    63.570,     0.000,   328.210,   325.987,   -24.894,   -36.452,     0.000,
 40557.543,   125.733,    23.771,     4.201,     0.402,  5032.664,     0.000,     0.000,    18.765,  1865.885,     1.000,     4.194,    74.537,     0.000,   329.553,   326.024,   -30.581,   -40.427,     0.000,
 40557.585,   122.785,    23.772,     4.256,     0.373,  4989.346,     0.000,     0.000,    18.766,  1865.885,     1.000,     4.222,    79.077,     0.000,   331.962,   326.284,   -31.638,   -41.761,     0.000,
 40557.626,   116.411,    23.770,     4.260,     0.388,  5010.213,     0.000,     0.000,    18.764,  1865.885,     1.000,     4.250,    75.109,     0.000,   332.351,   326.298,   -30.296,   -38.760,     0.000,
 40557.668,   120.325,    23.772,     4.289,     0.410,  5009.780,   275.810,     0.000,    18.766,  1865.885,     1.000,     4.274,   293.688,   260.198,   292.170,   326.450,   -30.338,   -37.432,     0.000,
 40557.710,   128.686,    23.772,     4.321,     0.383,  4940.402,     0.000,     0.000,    18.766,  1865.885,     1.000,     4.298,   154.910,     0.000,   283.685,   326.565,   -87.676,  -110.114,     0.000,
 40557.751,   126.434,    23.774,     4.339,     0.369,  5015.333,     0.000,     0.000,    18.768,  1865.885,     1.000,     4.327,    52.056,     0.000,   286.365,   326.674,   -39.795,   -52.570,     0.000,
 40557.793,   116.303,    23.780,     4.388,     0.375,  5044.848,    57.792,     0.000,    18.774,  1865.885,     1.000,     4.353,   166.059,    54.521,   286.787,   326.913,   -63.761,   -87.904,     0.000,
 40557.835,   124.723,    23.776,     4.389,     0.395,  5132.974,     0.000,     0.000,    18.770,  1865.885,     1.000,     4.377,    53.496,     0.000,   281.978,   326.910,   -39.311,   -59.117,     0.000,
 40557.876,   118.745,    23.782,     4.406,     0.380,  5166.650,     0.000,     0.000,    18.776,  1865.885,     1.000,     4.396,    17.412,     0.000,   293.487,   327.003,   -22.535,   -28.393,     0.000,
 40557.918,   118.573,    23.782,     4.440,     0.435,  5233.627,    92.736,     0.000,    18.776,  1865.885,     1.000,     4.415,   150.145,    87.487,   311.045,   327.158,   -31.754,   -47.017,     0.000,
 40557.960,   115.625,    23.786,     4.449,     0.451,  5173.553,     0.000,     0.000,    18.780,  1865.885,     1.000,     4.437,    40.097,     0.000,   282.224,   327.200,   -33.779,   -51.294,     0.000,
 40558.001,   120.662,    23.788,     4.453,     0.371,  5176.727,     0.000,     0.000,    18.782,  1865.885,     1.000,     4.452,   -19.890,     0.000,   266.563,   327.226,   -17.307,   -23.466,     0.000,
 40558.043,   115.481,    23.791,     4.458,     0.387,  5128.754,     0.000,     0.000,    18.785,  1865.885,     1.000,     4.458,   -33.681,     0.000,   259.319,   327.249,   -15.037,   -19.212,     0.000,
 40558.085,   114.329,    23.792,     4.458,     0.412,  5202.635,     0.000,     0.000,    18.786,  1865.885,     1.000,     4.458,   -47.494,     0.000,   249.923,   327.248,   -12.333,   -17.498,     0.000,
 40558.126,   113.566,    23.797,     4.454,     0.413,  5234.664,     0.000,     0.000,    18.791,  1865.885,     1.000,     4.454,   -48.695,     0.000,   248.526,   327.230,   -12.626,   -17.384,     0.000,
 40558.168,   109.134,    23.798,     4.448,     0.402,  5146.636,   812.018,     0.000,    18.792,  1865.885,     1.000,     4.448,   703.026,   766.055,   247.494,   327.202,    -6.866,    -9.812,     0.000,
 40558.210,   107.213,    23.799,     4.440,     0.409,  5137.516,     0.000,     0.000,    18.793,  1865.885,     1.000,     4.440,   -71.914,     0.000,   243.868,   327.166,    -3.939,    -7.445,     0.000,
 40558.251,   122.903,    23.802,     4.431,     0.411,  5138.167,     0.000,     0.000,    18.796,  1865.885,     1.000,     4.431,   -73.035,     0.000,   243.563,   327.125,    -3.875,    -6.652,     0.000,
 40558.293,   118.420,    23.802,     4.423,     0.372,  5121.336,    41.681,     0.000,    18.796,  1865.885,     1.000,     4.423,   -33.746,    39.322,   242.171,   327.084,    -4.369,    -7.476,     0.000,
 40558.335,   126.275,    23.803,     4.413,     0.376,  5154.199,     0.000,     0.000,    18.797,  1865.885,     1.000,     4.413,   -84.219,     0.000,   238.861,   327.041,    -1.166,    -2.795,     0.000,
 40558.376,   118.924,    23.808,     4.406,     0.364,  5116.594,     0.000,     0.000,    18.802,  1865.885,     1.000,     4.406,   -40.910,     0.000,   268.453,   327.006,    -7.689,    -9.954,     0.000,
 40558.418,   112.697,    23.808,     4.401,     0.406,  5166.872,   468.074,     0.000,    18.802,  1865.885,     1.000,     4.401,   379.898,   441.579,   248.180,   326.980,    -6.569,   -10.551,     0.000,
 40558.460,   113.463,    23.807,     4.397,     0.379,  5186.703,     0.000,     0.000,    18.801,  1865.885,     1.000,     4.397,     3.084,     0.000,   300.076,   326.963,   -12.245,   -17.726,     0.000,
 40558.501,   117.326,    23.814,     4.397,     0.381,  5111.759,     0.000,     0.000,    18.808,  1865.885,     1.000,     4.397,   -12.978,     0.000,   282.846,   326.961,   -12.573,   -18.564,     0.000,
 40558.543,   113.994,    23.812,     4.396,     0.371,  5097.586,   128.075,     0.000,    18.806,  1865.885,     1.000,     4.396,   124.131,   120.825,   299.563,   326.956,   -13.578,   -17.121,     0.000,
 40558.585,   118.156,    23.817,     4.395,     0.386,  5125.404,     0.000,     0.000,    18.811,  1865.885,     1.000,     4.395,    -0.866,     0.000,   297.104,   326.951,   -13.753,   -15.229,     0.000,
 40558.626,   111.373,    23.816,     4.390,     0.384,  5006.365,     0.000,     0.000,    18.810,  1865.885,     1.000,     4.390,   -11.276,     0.000,   292.525,   326.932,   -11.025,   -12.106,     0.000,
 40558.668,   114.022,    23.814,     4.383,     0.369,  5135.788,   271.095,     0.000,    18.808,  1865.885,     1.000,     4.383,   250.623,   255.750,   295.077,   326.898,   -12.802,   -13.892,     0.000,
 40558.710,   116.687,    23.820,     4.375,     0.497,  5074.386,     0.000,     0.000,    18.814,  1865.885,     1.000,     4.375,    -4.590,     0.000,   295.075,   326.862,   -13.272,   -13.924,     0.000,
 40558.751,   124.011,    23.816,     4.366,     0.393,  5113.294,     0.000,     0.000,    18.810,  1865.885,     1.000,     4.366,    -6.234,     0.000,   294.282,   326.820,   -12.886,   -13.418,     0.000,
 40558.793,   113.694,    23.819,     4.356,     0.413,  5051.374,   245.366,     0.000,    18.813,  1865.885,     1.000,     4.356,   224.379,   231.478,   293.854,   326.770,   -12.648,   -13.170,     0.000,
 40558.835,   114.484,    23.819,     4.342,     0.398,  5070.638,     0.000,     0.000,    18.813,  1865.885,     1.000,     4.342,    -9.140,     0.000,   292.910,   326.707,   -12.079,   -12.578,     0.000,
 40558.876,   113.032,    23.823,     4.324,     0.403,  5045.031,     0.000,     0.000,    18.817,  1865.885,     1.000,     4.324,   -12.902,     0.000,   291.275,   326.620,   -10.915,   -11.527,     0.000,
 40558.918,   117.670,    23.822,     4.298,     0.443,  5029.575,    30.558,     0.000,    18.816,  1865.885,     1.000,     4.298,    18.584,    28.829,   292.143,   326.495,   -11.865,   -12.242,     0.000,
 40558.960,   115.681,    23.822,     4.263,     0.430,  5036.899,     0.000,     0.000,    18.816,  1865.885,     1.000,     4.263,    -9.771,     0.000,   292.173,   326.336,   -11.981,   -12.410,     0.000,
 40559.001,   116.572,    23.823,     4.220,     0.376,  5038.479,     0.000,     0.000,    18.817,  1865.885,     1.000,     4.220,    -7.176,     0.000,   292.967,   326.135,   -12.849,   -13.142,     0.000,
 40559.043,   124.213,    23.824,     4.174,     0.402,  5001.717,     4.235,     0.000,    18.818,  1865.885,     1.000,     4.173,    29.245,     3.995,   305.860,   325.931,   -23.255,   -22.065,     0.000,
 40559.085,   126.433,    23.821,     4.130,     0.380,  5049.027,     0.000,     0.000,    18.815,  1865.885,     1.000,     4.125,    32.491,     0.000,   290.304,   325.707,   -34.976,   -32.918,     0.000,
 40559.126,   124.367,    23.824,     4.097,     0.371,  4994.672,     0.000,     0.000,    18.818,  1865.885,     1.000,     4.080,    62.213,     0.000,   320.839,   325.550,   -34.738,   -32.186,     0.000,
 40559.168,   121.925,    23.825,     4.054,     0.394,  5003.968,     0.000,     0.000,    18.819,  1865.885,     1.000,     4.039,    70.808,     0.000,   325.248,   325.348,   -35.732,   -35.175,     0.000,
 40559.210,   114.386,    23.828,     4.030,     0.413,  4970.418,     0.000,     0.000,    18.822,  1865.885,     1.000,     4.003,    71.199,     0.000,   325.512,   325.242,   -35.489,   -35.439,     0.000,
 40559.251,   128.727,    23.828,     3.972,     0.391,  4948.289,     0.000,     0.000,    18.822,  1865.885,     1.000,     3.972,    78.799,     0.000,   328.623,   324.968,   -37.494,   -37.650,     0.000,
 40559.293,   134.851,    23.825,     3.945,     0.418,  4938.821,   291.906,     0.000,    18.819,  1865.885,     1.000,     3.945,   348.160,   275.383,   324.863,   324.840,   -37.355,   -35.399,     0.000,
 40559.335,   124.041,    23.824,     3.921,     0.387,  4976.841,     0.000,     0.000,    18.818,  1865.885,     1.000,     3.921,    67.591,     0.000,   319.660,   324.730,   -37.261,   -35.400,     0.000,
 40559.377,   142.558,    23.827,     3.898,     0.358,  4942.943,     0.000,     0.000,    18.821,  1865.885,     1.000,     3.898,    49.332,     0.000,   302.479,   324.619,   -37.046,   -34.426,     0.000,
 40559.418,   121.470,    23.826,     3.877,     0.351,  4910.985,   332.557,     0.000,    18.820,  1865.885,     1.000,     3.877,   388.989,   313.733,   322.325,   324.520,   -40.012,   -37.438,     0.000,
 40559.460,   126.627,    23.826,     3.860,     0.339,  4905.882,     0.000,     0.000,    18.820,  1865.885,     1.000,     3.860,    75.984,     0.000,   325.772,   324.441,   -38.309,   -36.346,     0.000,
 40559.501,   133.920,    23.826,     3.847,     0.383,  4865.582,     0.000,     0.000,    18.820,  1865.885,     1.000,     3.847,    87.999,     0.000,   326.699,   324.381,   -45.377,   -40.304,     0.000,
 40559.543,   137.003,    23.829,     3.840,     0.351,  4917.618,   303.169,     0.000,    18.823,  1865.885,     1.000,     3.840,   401.282,   286.009,   334.976,   324.345,   -52.161,   -52.481,     0.000,
 40559.585,   137.171,    23.828,     3.836,     0.368,  4906.502,     0.000,     0.000,    18.822,  1865.885,     1.000,     3.836,   102.282,     0.000,   336.470,   324.327,   -43.413,   -46.727,     0.000,
 40559.627,   129.943,    23.824,     3.833,     0.363,  4802.665,     0.000,     0.000,    18.818,  1865.885,     1.000,     3.833,    91.521,     0.000,   333.690,   324.314,   -40.736,   -41.409,     0.000,
 40559.668,   132.784,    23.828,     3.832,     0.380,  4827.729,   293.130,     0.000,    18.822,  1865.885,     1.000,     3.832,   357.985,   276.538,   328.227,   324.307,   -39.516,   -38.011,     0.000,
 40559.710,   132.024,    23.829,     3.831,     0.326,  4791.636,     0.000,     0.000,    18.823,  1865.885,     1.000,     3.831,    63.379,     0.000,   305.185,   324.301,   -41.264,   -41.231,     0.000,
 40559.752,   142.071,    23.826,     3.828,     0.362,  4835.630,     0.000,     0.000,    18.820,  1865.885,     1.000,     3.828,    32.944,     0.000,   277.238,   324.291,   -41.208,   -38.789,     0.000,
 40559.793,   128.094,    23.826,     3.826,     0.351,  4871.526,   542.798,     0.000,    18.820,  1865.885,     1.000,     3.826,   534.889,   512.073,   273.311,   324.279,   -38.175,   -35.608,     0.000,
 40559.835,   135.999,    23.825,     3.832,     0.358,  4699.857,     0.000,     0.000,    18.819,  1865.885,     1.000,     3.832,   143.771,     0.000,   280.419,   324.303,   -83.829,  -103.826,     0.000,
 40559.877,   135.443,    23.820,     3.854,     0.279,  4370.461,     0.000,     0.000,    18.814,  1865.885,     1.000,     3.854,   226.695,     0.000,   280.815,   324.405,  -108.916,  -161.369,     0.000,
 40559.918,   140.599,    23.819,     3.890,     0.323,  4016.938,   165.778,     0.000,    18.813,  1865.885,     1.000,     3.890,   490.293,   156.394,   276.943,   324.573,  -163.149,  -218.381,     0.000,
 40559.960,   137.327,    23.816,     3.922,     0.293,  4753.289,     0.000,     0.000,    18.810,  1865.885,     1.000,     3.922,   170.178,     0.000,   274.368,   324.728,   -91.691,  -128.848,     0.000,
 40560.002,   123.429,    23.823,     3.945,     0.380,  4954.683,     0.000,     0.000,    18.817,  1865.885,     1.000,     3.945,   186.909,     0.000,   271.821,   324.833,  -107.920,  -132.001,     0.000,
 40560.043,   136.748,    23.820,     3.967,     0.351,  4764.459,     0.000,     0.000,    18.814,  1865.885,     1.000,     3.967,   240.995,     0.000,   274.479,   324.941,  -127.179,  -164.278,     0.000,
 40560.085,   131.646,    23.809,     4.061,     0.224,  4299.693,     0.000,     0.000,    18.803,  1865.885,     1.000,     4.000,   350.252,     0.000,   272.887,   325.310,  -175.870,  -226.806,     0.000,
 40560.127,   129.061,    23.806,     4.123,     0.187,  4394.307,     0.000,     0.000,    18.800,  1865.885,     1.000,     4.034,   271.736,     0.000,   271.000,   325.725,  -126.778,  -199.683,     0.000,
 40560.168,   117.678,    23.803,     4.104,     0.234,  5288.792,     0.000,     0.000,    18.797,  1865.885,     1.000,     4.057,   194.914,     0.000,   270.605,   325.588,   -90.516,  -159.381,     0.000,
 40560.210,   117.043,    23.804,     4.104,     0.170,  5228.917,     0.000,     0.000,    18.798,  1865.885,     1.000,     4.071,   168.356,     0.000,   268.224,   325.577,   -75.071,  -150.639,     0.000,
 40560.253,   112.401,    23.794,     4.130,     0.142,  4638.046,     0.000,     0.000,    18.788,  1865.885,     1.000,     4.088,   214.365,     0.000,   265.215,   325.701,   -91.980,  -182.871,     0.000,
 40560.293,   122.603,    23.786,     4.155,     0.180,  4365.401,     0.000,     0.000,    18.780,  1865.885,     1.000,     4.112,   217.003,     0.000,   265.215,   325.815,   -83.171,  -194.433,     0.000,
 40560.335,   117.364,    23.785,     4.173,     0.189,  4791.618,     0.000,     0.000,    18.779,  1865.885,     1.000,     4.135,   165.164,     0.000,   262.208,   325.906,   -75.719,  -153.142,     0.000,
 40560.378,   113.405,    23.794,     4.202,     0.154,  4841.750,     0.000,     0.000,    18.788,  1865.885,     1.000,     4.155,   153.243,     0.000,   262.714,   326.045,   -61.651,  -154.924,     0.000,
 40560.418,   116.555,    23.788,     4.205,     0.214,  4815.696,   689.663,     0.000,    18.782,  1865.885,     1.000,     4.175,   809.478,   650.626,   265.215,   326.051,   -51.769,  -167.919,     0.000,
