source,year,variable,expected_hours,numeric_hours,valid_hours,valid_percent,missing_or_nonnumeric,out_of_range,zero_flow_review,longest_invalid_gap_hours,valid_min,valid_p05,valid_median,valid_p95,valid_max,valid_mean,first_valid,last_valid
XLD库区水位2020-2025.xlsx,2020,BHT_WL,8784,406,406,4.622040072859745,8378,0,0,7873,589.75,589.89,592.93,594.6175000000001,594.69,592.4315517241379,2020-11-24 01:00:00,2020-12-31 23:00:00
XLD库区水位2020-2025.xlsx,2020,XLD_WL,8784,8784,8784,100.0,0,0,0,0,544.4,548.3014999999999,587.8,598.95,599.73,581.1288069216757,2020-01-01 00:00:00,2020-12-31 23:00:00
XLD库区水位2020-2025.xlsx,2020,SJ_WL,8784,5160,5160,58.7431693989071,3624,0,0,3624,559.23,564.8285000000001,590.91,599.38,599.87,588.8133391472868,2020-01-01 00:00:00,2020-12-31 23:00:00
XLD库区水位2020-2025.xlsx,2020,SLB_WL,8784,5139,5139,58.504098360655746,3645,0,0,3624,557.1,560.755,590.59,599.29,599.76,587.872043199066,2020-01-01 00:00:00,2020-12-31 23:00:00
XLD库区水位2020-2025.xlsx,2020,YMT_WL,8784,8784,8784,100.0,0,0,0,0,509.42,553.12,587.89,599.01,599.88,581.7899464936248,2020-01-01 00:00:00,2020-12-31 23:00:00
XLD库区水位2020-2025.xlsx,2020,HH_WL,8784,5160,5160,58.7431693989071,3624,0,0,3624,542.29,542.84,590.59,599.18,599.66,584.8238972868218,2020-01-01 00:00:00,2020-12-31 23:00:00
XLD库区水位2020-2025.xlsx,2020,SS_WL,8784,5159,5159,58.73178506375227,3625,0,0,3624,557.05,560.716,590.59,599.28,599.76,587.8855030044582,2020-01-01 00:00:00,2020-12-31 23:00:00
XLD库区水位2020-2025.xlsx,2021,BHT_WL,8760,8759,8758,99.9771689497717,1,1,0,1,573.38,577.91,588.595,599.71,606.33,589.2289084265814,2021-01-01 00:00:00,2021-12-31 23:00:00
XLD库区水位2020-2025.xlsx,2021,XLD_WL,8760,8760,8760,100.0,0,0,0,0,539.79,541.26,584.52,598.87,599.49,578.1472328767123,2021-01-01 00:00:00,2021-12-31 23:00:00
XLD库区水位2020-2025.xlsx,2021,SJ_WL,8760,8760,8760,100.0,0,0,0,0,551.22,554.05,584.845,599.16,600.12,580.6995742009132,2021-01-01 00:00:00,2021-12-31 23:00:00
XLD库区水位2020-2025.xlsx,2021,SLB_WL,8760,8736,8609,98.27625570776256,24,127,0,67,539.91,541.38,584.24,598.956,609.16,578.0962167499129,2021-01-01 00:00:00,2021-12-31 23:00:00
XLD库区水位2020-2025.xlsx,2021,YMT_WL,8760,8760,8760,100.0,0,0,0,0,530.69,543.28,584.69,599.0604999999999,599.67,578.7028139269407,2021-01-01 00:00:00,2021-12-31 23:00:00
XLD库区水位2020-2025.xlsx,2021,HH_WL,8760,8760,8760,100.0,0,0,0,0,539.92,541.48,584.57,598.88,599.53,578.1949874429224,2021-01-01 00:00:00,2021-12-31 23:00:00
XLD库区水位2020-2025.xlsx,2021,SS_WL,8760,8760,8760,100.0,0,0,0,0,539.88,541.39,584.33,598.88,600.62,578.0260878995434,2021-01-01 00:00:00,2021-12-31 23:00:00
XLD库区水位2020-2025.xlsx,2022,BHT_WL,8760,8759,8759,99.98858447488584,1,0,0,1,577.3,580.06,587.64,598.07,602.95,588.8179929215663,2022-01-01 00:00:00,2022-12-31 23:00:00
XLD库区水位2020-2025.xlsx,2022,XLD_WL,8760,8760,8760,100.0,0,0,0,0,546.96,554.4795,580.47,597.5305,599.68,579.2051164383561,2022-01-01 00:00:00,2022-12-31 23:00:00
XLD库区水位2020-2025.xlsx,2022,SJ_WL,8760,8584,8584,97.99086757990868,176,0,0,128,559.86,562.33,580.805,597.85,600.02,580.8289666821994,2022-01-01 00:00:00,2022-12-31 23:00:00
XLD库区水位2020-2025.xlsx,2022,SLB_WL,8760,8584,8584,97.99086757990868,176,0,0,128,547.24,554.6915,580.38,597.737,599.79,579.2505335507922,2022-01-01 00:00:00,2022-12-31 23:00:00
XLD库区水位2020-2025.xlsx,2022,YMT_WL,8760,8585,8567,97.79680365296804,175,18,0,128,547.45,555.34,580.38,597.83,610.2,579.4478498891094,2022-01-01 00:00:00,2022-12-31 23:00:00
XLD库区水位2020-2025.xlsx,2022,HH_WL,8760,8585,8585,98.00228310502284,175,0,0,128,547.11,554.524,580.29,597.63,599.66,579.1915585323237,2022-01-01 00:00:00,2022-12-31 23:00:00
XLD库区水位2020-2025.xlsx,2022,SS_WL,8760,8576,8576,97.89954337899543,184,0,0,108,538.44,554.325,580.28,597.6225,599.72,579.0859095149253,2022-01-01 00:00:00,2022-12-31 23:00:00
XLD库区水位2020-2025.xlsx,2023,BHT_WL,8760,8752,8752,99.90867579908675,8,0,0,5,579.71,580.59,585.85,598.5,601.16,587.5393098720292,2023-01-01 00:00:00,2023-12-31 23:00:00
XLD库区水位2020-2025.xlsx,2023,XLD_WL,8760,8752,8752,99.90867579908675,8,0,0,5,543.59,545.9555,566.255,597.5045,599.24,570.6362214351005,2023-01-01 00:00:00,2023-12-31 23:00:00
XLD库区水位2020-2025.xlsx,2023,SJ_WL,8760,8703,8669,98.96118721461187,57,34,0,47,549.29,554.018,569.03,598.012,614.87,572.8939658553467,2023-01-01 00:00:00,2023-12-31 23:00:00
XLD库区水位2020-2025.xlsx,2023,SLB_WL,8760,8704,8704,99.3607305936073,56,0,0,47,543.78,546.17,567.0,597.63,602.3,570.8809099264705,2023-01-01 00:00:00,2023-12-31 23:00:00
XLD库区水位2020-2025.xlsx,2023,YMT_WL,8760,8703,8703,99.34931506849315,57,0,0,47,545.21,548.16,568.0,597.739,599.45,571.5658795817534,2023-01-01 00:00:00,2023-12-31 23:00:00
XLD库区水位2020-2025.xlsx,2023,HH_WL,8760,8704,8704,99.3607305936073,56,0,0,47,538.22,545.2515,566.76,597.5685000000001,599.29,570.58353515625,2023-01-01 00:00:00,2023-12-31 23:00:00
XLD库区水位2020-2025.xlsx,2023,SS_WL,8760,8703,8703,99.34931506849315,57,0,0,47,543.56,545.92,566.74,597.5790000000001,599.32,570.7787372170516,2023-01-01 00:00:00,2023-12-31 23:00:00
XLD库区水位2020-2025.xlsx,2024,BHT_WL,8784,8784,8784,100.0,0,0,0,0,579.65,582.0715,588.45,597.18,599.67,589.2362875683061,2024-01-01 00:00:00,2024-12-31 23:00:00
XLD库区水位2020-2025.xlsx,2024,XLD_WL,8784,8784,8784,100.0,0,0,0,0,560.41,562.2814999999999,583.98,596.54,598.84,581.5689127959927,2024-01-01 00:00:00,2024-12-31 23:00:00
XLD库区水位2020-2025.xlsx,2024,SJ_WL,8784,8780,8780,99.9544626593807,4,0,0,1,562.12,565.47,584.49,596.64,619.3,582.3650671981776,2024-01-01 00:00:00,2024-12-31 23:00:00
XLD库区水位2020-2025.xlsx,2024,SLB_WL,8784,5221,5221,59.43761384335154,3563,0,0,3561,560.54,561.74,575.37,592.18,602.37,575.7589733767478,2024-01-01 00:00:00,2024-08-05 14:00:00
XLD库区水位2020-2025.xlsx,2024,YMT_WL,8784,8781,8781,99.96584699453553,3,0,0,1,560.94,562.81,584.17,596.53,598.9,581.745679307596,2024-01-01 00:00:00,2024-12-31 23:00:00
XLD库区水位2020-2025.xlsx,2024,HH_WL,8784,8780,8780,99.9544626593807,4,0,0,1,560.47,562.35,583.97,596.43,598.72,581.5760056947609,2024-01-01 00:00:00,2024-12-31 23:00:00
XLD库区水位2020-2025.xlsx,2024,SS_WL,8784,6858,6857,78.06238615664846,1926,1,0,1496,560.38,561.8280000000001,581.82,591.12,596.3,578.7061922123378,2024-01-01 00:00:00,2024-12-22 17:00:00
XLD库区水位2020-2025.xlsx,2025,BHT_WL,8760,8710,8709,99.41780821917808,50,1,0,36,581.99,583.11,589.26,598.59,600.5,590.2008382133424,2025-01-01 00:00:00,2025-12-30 11:00:00
XLD库区水位2020-2025.xlsx,2025,XLD_WL,8760,8737,8737,99.73744292237443,23,0,0,12,558.7,559.78,585.18,597.61,599.34,581.7708561291062,2025-01-01 00:00:00,2025-12-31 23:00:00
XLD库区水位2020-2025.xlsx,2025,SJ_WL,8760,8714,8714,99.47488584474885,46,0,0,36,560.59,563.643,585.575,597.8035,599.68,582.8473008951114,2025-01-01 00:00:00,2025-12-30 11:00:00
XLD库区水位2020-2025.xlsx,2025,SLB_WL,8760,0,0,0.0,8760,0,0,8760,,,,,,,,
XLD库区水位2020-2025.xlsx,2025,YMT_WL,8760,8714,8711,99.44063926940639,46,3,0,36,554.9,560.14,585.38,597.72,599.57,581.9193651704742,2025-01-01 00:00:00,2025-12-30 11:00:00
XLD库区水位2020-2025.xlsx,2025,HH_WL,8760,8714,8714,99.47488584474885,46,0,0,36,558.89,559.89,584.64,597.5935000000001,599.41,581.5184702777141,2025-01-01 00:00:00,2025-12-30 11:00:00
XLD库区水位2020-2025.xlsx,2025,SS_WL,8760,0,0,0.0,8760,0,0,8760,,,,,,,,
XLD库区流量2020-2025.xlsx,2020,BHT_Q_TD,8784,524,524,5.965391621129326,8260,0,0,8064,1070.0,1100.0,1720.0,2190.0,2410.0,1690.496183206107,2020-12-02 00:00:00,2020-12-31 22:00:00
XLD库区流量2020-2025.xlsx,2020,BHT_Q_SW,8784,0,0,0.0,8784,0,0,8784,,,,,,,,
XLD库区流量2020-2025.xlsx,2020,XLD_Q_TD,8784,4391,4391,49.98861566484517,4393,0,0,2,820.0,1300.0,3600.0,11300.0,15900.0,4614.016397176042,2020-01-01 02:00:00,2020-12-31 22:00:00
XLD库区流量2020-2025.xlsx,2020,XLD_Q_SW,8784,8784,8784,100.0,0,0,0,0,820.0,1300.0,3590.0,11300.0,15900.0,4618.93681693989,2020-01-01 00:00:00,2020-12-31 23:00:00
XLD库区流量2020-2025.xlsx,2021,BHT_Q_TD,8760,4376,4376,49.954337899543376,4384,0,0,7,175.0,939.75,2520.0,7030.0,13300.0,3354.9986288848263,2021-01-01 00:00:00,2021-12-31 22:00:00
XLD库区流量2020-2025.xlsx,2021,BHT_Q_SW,8760,0,0,0.0,8760,0,0,8760,,,,,,,,
XLD库区流量2020-2025.xlsx,2021,XLD_Q_TD,8760,4395,4395,50.171232876712324,4365,0,0,7,480.0,1240.0,2950.0,7130.0,14300.0,3576.7592718998862,2021-01-01 00:00:00,2021-12-31 22:00:00
XLD库区流量2020-2025.xlsx,2021,XLD_Q_SW,8760,8760,8760,100.0,0,0,0,0,610.0,1240.0,2970.0,7200.499999999993,14300.0,3588.522488584475,2021-01-01 00:00:00,2021-12-31 23:00:00
XLD库区流量2020-2025.xlsx,2022,BHT_Q_TD,8760,4378,4378,49.97716894977169,4382,0,0,3,633.0,1080.0,2600.0,6851.499999999996,13700.0,3426.044312471448,2022-01-01 00:00:00,2022-12-31 22:00:00
XLD库区流量2020-2025.xlsx,2022,BHT_Q_SW,8760,0,0,0.0,8760,0,0,8760,,,,,,,,
XLD库区流量2020-2025.xlsx,2022,XLD_Q_TD,8760,4368,4368,49.86301369863014,4392,0,0,5,808.0,1520.0,3460.0,7570.0,12900.0,3807.9919871794873,2022-01-01 00:00:00,2022-12-31 22:00:00
XLD库区流量2020-2025.xlsx,2022,XLD_Q_SW,8760,8760,8760,100.0,0,0,0,0,700.0,1520.0,3500.0,7570.0,13000.0,3815.34098173516,2022-01-01 00:00:00,2022-12-31 23:00:00
XLD库区流量2020-2025.xlsx,2023,BHT_Q_TD,8760,4374,4374,49.93150684931506,4386,0,0,3,1350.0,1640.0,2970.0,6580.0,7860.0,3456.394604481024,2023-01-01 00:00:00,2023-12-31 22:00:00
XLD库区流量2020-2025.xlsx,2023,BHT_Q_SW,8760,0,0,0.0,8760,0,0,8760,,,,,,,,
XLD库区流量2020-2025.xlsx,2023,XLD_Q_TD,8760,4368,4368,49.86301369863014,4392,0,0,3,914.0,1550.0,3470.0,6680.0,7370.0,3574.25,2023-01-01 00:00:00,2023-12-31 22:00:00
XLD库区流量2020-2025.xlsx,2023,XLD_Q_SW,8760,8760,8760,100.0,0,0,1,0,0.0,1540.0,3450.0,6680.0,7430.0,3581.091780821918,2023-01-01 00:00:00,2023-12-31 23:00:00
XLD库区流量2020-2025.xlsx,2024,BHT_Q_TD,8784,4387,4387,49.943078324225866,4397,0,0,3,1310.0,1830.0,2940.0,7980.0,8540.0,3672.6031456576247,2024-01-01 00:00:00,2024-12-31 22:00:00
XLD库区流量2020-2025.xlsx,2024,BHT_Q_SW,8784,0,0,0.0,8784,0,0,8784,,,,,,,,
XLD库区流量2020-2025.xlsx,2024,XLD_Q_TD,8784,4376,4376,49.81785063752277,4408,0,0,5,752.0,1610.0,3650.0,6950.0,7560.0,3889.9595521023766,2024-01-01 00:00:00,2024-12-31 22:00:00
XLD库区流量2020-2025.xlsx,2024,XLD_Q_SW,8784,8784,8784,100.0,0,0,0,0,710.0,1610.0,3660.0,6950.0,7560.0,3897.6421903460837,2024-01-01 00:00:00,2024-12-31 23:00:00
XLD库区流量2020-2025.xlsx,2025,BHT_Q_TD,8760,4355,4355,49.71461187214612,4405,0,0,37,1180.0,1870.0,2970.0,7263.000000000002,8600.0,3567.8874856486796,2025-01-01 00:00:00,2025-12-30 10:00:00
XLD库区流量2020-2025.xlsx,2025,BHT_Q_SW,8760,0,0,0.0,8760,0,0,8760,,,,,,,,
XLD库区流量2020-2025.xlsx,2025,XLD_Q_TD,8760,4347,4347,49.62328767123287,4413,0,0,37,763.0,1456.0000000000002,3730.0,6650.0,7520.0,3864.163331032896,2025-01-01 00:00:00,2025-12-30 10:00:00
XLD库区流量2020-2025.xlsx,2025,XLD_Q_SW,8760,8754,8754,99.93150684931507,6,0,0,6,760.0,1526.5000000000005,3735.0,6660.0,7520.0,3874.7772446881427,2025-01-01 00:00:00,2025-12-31 23:00:00
