group,year,neff,input_samples,representable_samples,representable_percent,stage_bias_m,stage_mae_m,stage_rmse_m,stage_correlation,stage_within_0p5m_percent,stage_within_1p0m_percent,samples,bias_m3s,mae_m3s,rmse_m3s,median_ratio,within_20pct_percent
all,2020,0.07,166,166,100.0,0.03704694428913777,0.3329107201909617,0.5371690016703792,0.9761048722272264,90.96385542168674,91.56626506024097,166,-152.68861736204468,656.8201908374289,948.4928316049562,0.7029578587873175,1.8072289156626504
all,2020,0.0725,166,166,100.0,0.0658880600482981,0.3579221221371869,0.5429256478826596,0.975418370091162,90.96385542168674,91.56626506024097,166,-199.819307447012,676.1091580654792,924.170560776521,0.6773335285035098,1.2048192771084338
all,2020,0.075,166,166,100.0,0.09515953308598442,0.3832448654173788,0.5502955927567386,0.9746473142851998,90.96385542168674,91.56626506024097,166,-243.57229253546927,693.9761558473505,904.3399775385329,0.653556063961547,0.6024096385542169
all,2021,0.07,7949,6563,82.56384450874323,0.19908922067242954,1.2480019163986285,1.781772441770421,0.9682211033046519,41.149830167316644,59.74336394515033,7849,-488.11622767838736,798.4535786776851,1075.2486017248466,0.7225903823057842,40.74404382723914
all,2021,0.0725,7949,6559,82.51352371367467,0.3028225538178602,1.279703985535351,1.8136309280032354,0.967619266696072,42.307208453893566,58.67404704994339,7849,-598.3294503357453,814.9698986645692,1053.5230233793666,0.6961166764163604,39.0113390240795
all,2021,0.075,7949,6552,82.42546232230468,0.4082507660114505,1.333563853825937,1.8549137216864993,0.9668927517490367,36.960623977858845,55.99446471254246,7849,-700.824339542069,857.2394353266443,1053.2939492126236,0.671510653798334,36.20843419543891
all,2022,0.07,7813,7073,90.52860616920518,0.7098262235780863,1.17486466144209,1.7645342909502635,0.9571339168595463,45.57788301548701,60.59132215538205,7813,-590.1170157462979,792.0109569650069,1054.1823243342042,0.7177331599647635,42.89005503647766
all,2022,0.0725,7813,6976,89.2870856265199,0.8415120017664046,1.2044152692061167,1.819541683355186,0.9575926776293358,46.729809292205296,60.66811724049661,7813,-698.7259382811613,813.8869053966341,1073.6851408141395,0.6917760389841753,41.136567259695376
all,2022,0.075,7813,6921,88.5831306796365,0.9741077503287368,1.274689310126695,1.8890138309230522,0.957518826216373,41.02137463202355,59.27300652758224,7813,-799.688750333545,865.8454689949779,1106.6101160521139,0.66761994113239,38.97350569563548
all,2023,0.07,8449,6419,75.97348798674399,0.047164714751968206,1.095810583264352,1.4708958425286922,0.9711243821614218,41.81559947922831,56.01846372351758,8449,-574.255739193508,656.3136121337826,756.1135183680309,0.7744156732040305,45.011243934193395
all,2023,0.0725,8449,6316,74.75440880577582,0.16866751747335346,1.1748454634611287,1.52843965158396,0.9694142897378756,35.672860693573206,54.47982009705291,8449,-678.7601578490087,724.9485688038701,813.0871601422082,0.7462421370890949,39.19990531423837
all,2023,0.075,8449,6196,73.3341223813469,0.2816778425056267,1.2627944659434767,1.5894907820380666,0.9679135182046535,26.594863297431647,51.80494733104509,8449,-775.8424405636987,802.1677789644564,878.1707339036798,0.7199097784418788,34.84436027932299
all,2024,0.07,8670,8640,99.65397923875432,0.7230759250681351,0.9175730545243148,1.2090394738755452,0.9895709101889438,42.0876585928489,62.67589388696655,8670,-543.364156928497,690.2442633358849,799.2903116755418,0.7966482539960724,48.88119953863899
all,2024,0.0725,8670,8625,99.48096885813149,0.8720949523645509,0.9756080188495975,1.2786428125471136,0.9911849929882254,40.74971164936563,60.73817762399077,8670,-657.0056140519529,731.2520105488057,840.171645550689,0.7679152639674993,45.31718569780854
all,2024,0.075,8670,8608,99.28489042675895,1.0168451658735231,1.0668162768350131,1.3640518363544816,0.9922902100840315,36.68973471741638,55.720876585928494,8670,-762.5851893959132,795.5045197777767,895.8117816603708,0.741227753135788,41.510957324106116
all,2025,0.07,8280,8260,99.7584541062802,0.5865583262349356,0.7193925507292285,0.9414134283326381,0.9924951753629714,50.5072463768116,74.6256038647343,8280,-595.1386712710412,689.43828316588,774.7683941883785,0.7962020857615963,49.468599033816425
all,2025,0.0725,8280,8250,99.63768115942028,0.7194346386429201,0.7847050962077096,1.0131009361149614,0.9935294009549486,46.58212560386473,70.19323671497585,8280,-705.24979412812,747.5751632758978,833.29838996757,0.7675201590480369,45.12077294685991
all,2025,0.075,8280,8237,99.48067632850241,0.8556058464536956,0.8790188903807136,1.105435983409991,0.9943251647628043,38.212560386473434,66.08695652173913,8280,-807.5446270423924,820.7590761705286,900.9815379299052,0.740727901412753,34.432367149758456
falling_flow,2020,0.07,0,0,,,,,,,,0,,,,,
falling_flow,2020,0.0725,0,0,,,,,,,,0,,,,,
falling_flow,2020,0.075,0,0,,,,,,,,0,,,,,
falling_flow,2021,0.07,569,509,89.45518453427064,-0.1935290947605294,0.7506128260562791,1.213895545998978,0.9793804139035963,60.632688927943754,78.55887521968366,569,-120.64325648077181,710.7805899103638,1182.603185852025,0.9438415681056103,73.4622144112478
falling_flow,2021,0.0725,569,507,89.103690685413,-0.042904583347243556,0.7614306782807642,1.2074042853892428,0.9790096336103896,60.28119507908612,79.78910369068541,569,-298.7494954777095,721.141153998699,1135.4543954562557,0.9098585514888318,70.82601054481546
falling_flow,2021,0.075,569,506,88.92794376098419,0.1118045639251551,0.8168110861116308,1.2307105135244911,0.9782304269079624,52.196836555360285,76.6256590509666,569,-464.45405535896265,772.2222727821977,1123.6976466156993,0.8782832431197264,65.37785588752196
falling_flow,2022,0.07,998,944,94.58917835671342,0.37620772427634813,1.3084743837615662,1.998926706597378,0.913255732955425,35.671342685370746,55.11022044088176,998,-348.31274240917827,842.4133858758067,1204.7165459810574,0.9281787023010788,55.31062124248497
falling_flow,2022,0.0725,998,937,93.88777555110221,0.5535189323128444,1.3125327340288762,2.039538729010058,0.9131005121684951,39.37875751503006,58.116232464929865,998,-490.5426363298451,828.6833494587407,1196.6571487323959,0.8950945818897555,52.40480961923848
falling_flow,2022,0.075,998,932,93.3867735470942,0.7271279190628762,1.353652761313019,2.1016602958303623,0.9118723266059213,35.47094188376754,55.51102204408818,998,-622.7929164619156,850.2438996799801,1210.3607594325722,0.8644345049807489,51.00200400801603
falling_flow,2023,0.07,1497,1268,84.70273881095525,0.11892350925718922,0.8375518293194169,1.200742834956855,0.9818801659119281,50.76820307281229,67.40146960587843,1497,-417.8471143443846,617.4566967143807,733.6382232228808,0.8578345251829476,58.31663326653307
falling_flow,2023,0.0725,1497,1261,84.23513694054776,0.24237078821919208,0.8762388956905628,1.2331410270857635,0.9814648476671469,48.897795591182366,67.8690714762859,1497,-539.8691362325833,659.7304628230601,772.4082534345638,0.8271989725660956,54.04141616566466
falling_flow,2023,0.075,1497,1251,83.56713426853707,0.3686474494903045,0.9410571472859437,1.2878926799293378,0.980714182276474,41.5497661990648,67.33466933867736,1497,-653.2731824312481,721.0505659158858,828.1367254009612,0.7986516113460131,49.498997995991985
falling_flow,2024,0.07,1789,1789,100.0,0.12227617814657377,0.6548230246546695,0.87681552740521,0.9811993174002301,52.040245947456675,78.53549468977083,1789,-153.37899705316698,555.053711951404,663.2778968665588,0.9364995877160284,68.921185019564
falling_flow,2024,0.0725,1789,1789,100.0,0.30884426181001357,0.6395410819857837,0.8622815363414051,0.984381418972977,52.59921743991056,80.93907210732253,1789,-307.89636042248486,547.6613666326717,656.694575653771,0.9030850786926806,67.9709334823924
falling_flow,2024,0.075,1789,1789,100.0,0.49069780390413137,0.6819705024106354,0.9000234829314147,0.986709644592731,48.5187255449972,79.37395192845165,1789,-451.5607177229811,583.4732113028455,691.2456796603759,0.8720198163309015,65.95863610955841
falling_flow,2025,0.07,1311,1310,99.92372234935164,0.11470041994919009,0.5363998596458083,0.6804799867352161,0.9903387923704743,57.20823798627003,86.88024408848207,1311,-221.89456780949686,530.9036401658929,625.47601747841,0.9448463859877384,78.03203661327231
falling_flow,2025,0.0725,1311,1309,99.84744469870328,0.30113039948134707,0.5416183966118072,0.689400855185966,0.9918177908436607,59.95423340961098,85.04958047292143,1311,-386.85291281100046,548.3789180266638,657.947483246114,0.911315581385219,75.89626239511823
falling_flow,2025,0.075,1311,1305,99.54233409610984,0.4923278239986913,0.6000261221050502,0.75905932754266,0.9930371490047393,53.165522501906935,81.00686498855835,1311,-540.2396747106283,606.9910704366581,727.8293485750113,0.8797456925069508,69.48893974065598
rising_flow,2020,0.07,0,0,,,,,,,,0,,,,,
rising_flow,2020,0.0725,0,0,,,,,,,,0,,,,,
rising_flow,2020,0.075,0,0,,,,,,,,0,,,,,
rising_flow,2021,0.07,589,518,87.94567062818336,-0.34536681564616567,0.8004144520695329,1.4732957097119892,0.9721998780782986,63.83701188455009,79.11714770797963,588,-154.70192363171253,588.4410744162649,811.6718021539511,0.9710901610457562,78.57142857142857
rising_flow,2021,0.0725,589,517,87.77589134125637,-0.19149999725914313,0.7974109493234275,1.4648707404990307,0.9714348442434894,65.02546689303905,80.1358234295416,588,-333.74987522441575,598.2437577574192,812.6574136127292,0.9365265012105684,75.34013605442176
rising_flow,2021,0.075,589,512,86.92699490662139,-0.03721354117469642,0.8383086618921545,1.4783366755699487,0.9704293366235055,57.72495755517827,79.11714770797963,588,-500.3556046124246,657.7998789457165,855.5670788585322,0.9043922111951389,70.74829931972789
rising_flow,2022,0.07,951,886,93.16508937960042,0.8476151369465819,1.606341446959808,2.327664089913136,0.913438409115457,33.33333333333333,48.68559411146162,951,-647.9285001080992,1002.7202672839178,1408.5107188620611,0.8294828180272674,47.94952681388013
rising_flow,2022,0.0725,951,876,92.11356466876973,1.0194055309621715,1.6387382538896202,2.3946969502264124,0.9129959069991737,34.27970557308097,48.89589905362776,951,-780.0082298127447,1010.7585975482074,1421.8118785255556,0.8001738692818976,46.47739221871714
rising_flow,2022,0.075,951,869,91.37749737118823,1.1854152788237757,1.7139848626463856,2.4743221152750254,0.9118655977322986,30.70452155625657,47.213459516298634,951,-902.8181104607248,1056.14158501098,1450.3083130260234,0.7717722620470662,43.743427970557306
rising_flow,2023,0.07,1557,1248,80.15414258188824,0.24329511014703423,1.1389460992992748,1.6111547331268974,0.9710952919422797,44.38021836865767,60.05138086062941,1557,-729.7443951200664,776.4256044734726,902.3394059169839,0.7855649909323136,46.82080924855491
rising_flow,2023,0.0725,1557,1237,79.44765574823379,0.35782344534428034,1.2212161009259381,1.6684676406576804,0.9698313154047749,40.59087989723828,57.16120745022479,1557,-839.8146548782382,860.5062912575833,972.464138709932,0.7571432573495542,41.811175337186896
rising_flow,2023,0.075,1557,1226,78.74116891457932,0.4748261495356245,1.322872135807896,1.7378698610414207,0.9683596802156161,31.66345536287733,53.94990366088632,1557,-942.0909293285953,951.7607792589782,1047.0412344626402,0.730691456751686,35.90237636480411
rising_flow,2024,0.07,1875,1847,98.50666666666666,0.5048438017535622,0.6647238879596822,0.9143098459119349,0.9871104709727168,54.45333333333333,78.82666666666667,1875,-465.6159070702103,577.2209487267016,711.7236730168391,0.8842558771029919,66.4
rising_flow,2024,0.0725,1875,1834,97.81333333333333,0.6842975215233319,0.7429968009792297,1.004351608051853,0.9884920188161622,47.14666666666666,73.33333333333333,1875,-608.9707122564733,644.1513298140873,783.192712651347,0.8525269472463357,62.50666666666667
rising_flow,2024,0.075,1875,1821,97.11999999999999,0.8561015877203788,0.8781890838223487,1.1227368892001774,0.988941777330953,38.026666666666664,67.94666666666667,1875,-742.2153412342268,749.5193524676007,871.3798136830562,0.8228329145003012,57.226666666666674
rising_flow,2025,0.07,1294,1275,98.53168469860897,0.44102323390180737,0.611080811387238,0.7734052660212484,0.9932876158201893,50.540958268933544,82.76661514683154,1294,-470.3691061975049,585.5902951023497,683.7262528906895,0.8723014995563441,73.41576506955178
rising_flow,2025,0.0725,1294,1266,97.83616692426584,0.6195847342261743,0.6970975194249092,0.878390352391553,0.993872107218611,47.75888717156105,73.57032457496136,1294,-619.0795807924297,663.0555235380016,766.68273562238,0.8410701135310441,64.45131375579598
rising_flow,2025,0.075,1294,1257,97.14064914992272,0.7957569944598936,0.8222847371155676,1.0086942212419077,0.9942003649527191,38.33075734157651,64.2967542503864,1294,-757.315339681161,765.4619382000378,864.637832792207,0.8120910266548342,52.936630602782074
stable,2020,0.07,138,138,100.0,0.09098623323438174,0.29043769610193837,0.46151222238196143,0.9715016054755357,94.20289855072464,94.20289855072464,138,-253.3914219221082,588.4531703633734,824.6307497907516,0.6994138852341212,2.1739130434782608
stable,2020,0.0725,138,138,100.0,0.11992019542399132,0.316915599614867,0.4706438983511948,0.9706033494411485,94.20289855072464,94.20289855072464,138,-296.7513796655675,613.5268464913896,812.5220273098925,0.6739044578218867,1.4492753623188406
stable,2020,0.075,138,138,100.0,0.14926772039786368,0.3436856106894543,0.48149765810363954,0.9696117077635201,94.20289855072464,94.20289855072464,138,-336.99719423023004,636.7704319592898,804.1220667570473,0.6502350460925077,0.7246376811594203
stable,2021,0.07,3594,3008,83.69504730105731,0.3753028354341389,1.2888734607546357,1.7250706389498065,0.9710038652423741,35.42014468558709,55.342237061769616,3576,-605.7024801194164,865.5037707606697,1120.0569081972471,0.5927458637095873,28.02013422818792
stable,2021,0.0725,3594,3008,83.69504730105731,0.4607022519588224,1.3308120608553948,1.7663464950640477,0.9702573070373945,36.5887590428492,53.58931552587646,3576,-692.5750038229158,886.102163473616,1098.8213925448842,0.5711990263843025,26.733780760626395
stable,2021,0.075,3594,3008,83.69504730105731,0.5497479065258727,1.3808499226213196,1.8148627520199543,0.9694053244646607,31.886477462437394,50.333889816360596,3576,-773.3478695601325,920.7533357111553,1093.6827197375674,0.5511329396796726,24.77628635346756
stable,2022,0.07,3108,2711,87.22651222651223,0.6800553064231434,0.9736244594788703,1.4920570175576395,0.9746086602141506,55.6949806949807,69.1119691119691,3108,-653.4805556626656,739.8905425652903,933.2515277946846,0.6811807516311973,36.615186615186616
stable,2022,0.0725,3108,2647,85.16731016731016,0.7831766317230334,1.0061582834615364,1.5464353467808385,0.9748957429924616,56.981981981981974,67.72844272844273,3108,-747.7809097926463,777.4363181270869,967.237394360598,0.6567347110928778,34.909909909909906
stable,2022,0.075,3108,2614,84.1055341055341,0.8871632357317578,1.0746603861529558,1.6141352116981866,0.97472129031886,51.962676962676966,66.31274131274131,3108,-835.4503879143192,841.1111646083255,1010.0105729771933,0.6339682787122387,32.915057915057915
stable,2023,0.07,2228,1877,84.245960502693,0.37926357740523653,0.9856802694999263,1.2439689505977904,0.9773618460691184,44.74865350089767,56.777378815080795,2228,-587.506627845921,624.6509293223457,683.2877560177797,0.7459800809595227,39.40754039497307
stable,2023,0.0725,2228,1837,82.45062836624776,0.5370543873900876,1.1185198574483373,1.3603986327412367,0.9748380546071646,29.308797127468583,55.74506283662477,2228,-686.5526678475568,704.5982603283027,749.3669269477454,0.7185163218143693,33.258527827648116
stable,2023,0.075,2228,1805,81.01436265709157,0.6578715945764342,1.2230118712623377,1.4424793281297894,0.973624604884268,18.716337522441652,52.333931777378815,2228,-778.5342399373883,784.6386306601214,821.398962721761,0.6930769137742071,30.296229802513462
stable,2024,0.07,1630,1630,100.0,0.8688263737637034,0.891292703782928,1.235890967367615,0.9973437828213205,48.40490797546012,63.25153374233129,1630,-693.7722116657943,715.1597913116517,804.1674553554491,0.7319543288467825,33.80368098159509
stable,2024,0.0725,1630,1630,100.0,0.9594980879543203,0.9686120829105563,1.3161129337890316,0.9975800947926136,47.85276073619632,59.87730061349693,1630,-768.4332603552853,776.1855539981716,855.1419978446147,0.7056261713542546,25.52147239263804
stable,2024,0.075,1630,1630,100.0,1.0502057136493734,1.0524348112459851,1.3967698850917623,0.9978050447468393,46.38036809815951,53.37423312883436,1630,-837.7355659220777,839.5801752079825,907.5752683831747,0.6811284711550266,21.84049079754601
stable,2025,0.07,2658,2658,100.0,0.6350625341235662,0.6453746573764867,0.8808673852046668,0.9967261058393727,61.324303987960874,78.1790820165538,2658,-744.9326956916104,752.5949539637425,813.6199682258269,0.7016887285616096,34.49962377727614
stable,2025,0.0725,2658,2658,100.0,0.7211141183377512,0.7251214942101415,0.9571472679210483,0.9968602046212636,54.138449962377734,74.11587659894657,2658,-822.7300228561247,825.534591188687,875.8998113085458,0.6760210861329936,30.323551542513165
stable,2025,0.075,2658,2658,100.0,0.810268598159917,0.8102759523126544,1.040425202968709,0.9969734950103322,44.24379232505643,72.23476297968398,2658,-894.9594471292977,894.9655260811508,937.2509544221112,0.6522124267716645,16.365688487584652
stage_moving_or_mixed,2020,0.07,28,28,100.0,-0.22879669408385034,0.542242053201148,0.8129813233825216,0.9813606520157278,75.0,78.57142857142857,28,343.63234796969704,993.7719346024162,1407.8583738573952,0.7342688583302763,0.0
stage_moving_or_mixed,2020,0.0725,28,28,100.0,-0.2004131785890471,0.5600256974257637,0.809844502397193,0.9809014158413217,75.0,78.57142857142857,28,277.9173342015828,984.5505508234927,1345.2647273491364,0.7074906429598667,0.0
stage_moving_or_mixed,2020,0.075,28,28,100.0,-0.17151653295113484,0.5782154780050064,0.8078868039711793,0.9803603825823498,75.0,78.57142857142857,28,216.8790086744229,975.9186521527926,1289.0668663784497,0.6826437220404722,0.0
stage_moving_or_mixed,2021,0.07,3197,2528,79.07413199874883,0.17117952264910216,1.373041352895076,1.9712980055508211,0.96136408436801,39.94369721614014,57.77291210509853,3116,-483.19045510514235,777.144784141603,1045.3991808834771,0.7358471607919854,42.23363286264441
stage_moving_or_mixed,2021,0.0725,3197,2527,79.04285267438223,0.27794144293662176,1.4033466778895725,2.004038085949119,0.9606076549664947,41.351266812636844,56.67813575226776,3116,-594.8030335223827,791.3673786424679,1024.7401096635833,0.7090700708576151,40.436456996148905
stage_moving_or_mixed,2021,0.075,3197,2526,79.01157335001564,0.38401418262418385,1.4636206263088365,2.0445023036286702,0.959764077431852,36.127619643415706,54.42602439787301,3116,-698.5862665299453,837.5088566567997,1026.2302436380207,0.6844836071834492,37.48395378690629
stage_moving_or_mixed,2022,0.07,2756,2532,91.8722786647315,0.8166629493426938,1.2045372382924162,1.7319482603914904,0.9618572145734989,41.9811320754717,57.07547169811321,2756,-586.2737868284104,759.82810855719,978.8252646871873,0.7035112187719528,43.72278664731495
stage_moving_or_mixed,2022,0.0725,2756,2516,91.29172714078373,0.9502009230814541,1.2389727160011206,1.7898587163053572,0.9626244548134296,42.126269956458636,57.692307692307686,2756,-690.7450328541595,781.7013447375717,998.4609870590442,0.678080988931713,42.23512336719884
stage_moving_or_mixed,2022,0.075,2756,2506,90.9288824383164,1.0886781289107241,1.3200863714402666,1.8616513540200204,0.9631043997241735,34.25253991291727,56.8577648766328,2756,-787.8305685925774,833.723907993115,1031.9253869065094,0.6540545927758554,39.80406386066763
stage_moving_or_mixed,2023,0.07,3167,2026,63.972213451215666,-0.3168119846468053,1.274156555874499,1.6509343076579421,0.9602327671456623,34.25955162614462,48.121250394695295,3167,-562.4227408366753,637.9046723212876,736.2435230504776,0.7478413875301998,41.774550047363434
stage_moving_or_mixed,2023,0.0725,3167,1981,62.551310388380166,-0.21832822681968006,1.3328209606560537,1.6861284390049427,0.9586066543758998,31.48089674771077,45.94253236501421,3167,-659.7504626196162,703.4482903309951,788.499510549976,0.7209681470386017,35.080517840227344
stage_moving_or_mixed,2023,0.075,3167,1914,60.435743605936224,-0.11904369059053004,1.413326658870854,1.7342252462683814,0.95662078419472,22.576570887275025,43.037574992106094,3167,-750.1524984774194,779.297904918734,848.2822984071187,0.6955159572766213,30.596779286390905
stage_moving_or_mixed,2024,0.07,3376,3374,99.94075829383885,1.0922828999152092,1.2099276050142267,1.464536748355055,0.9929746261879041,26.895734597156395,45.023696682464454,3376,-720.5846220586684,812.6264614160257,902.2142123525934,0.6460596608132119,35.81161137440758
stage_moving_or_mixed,2024,0.0725,3376,3372,99.88151658767772,1.2326721316352944,1.2862635754659901,1.5518185039827324,0.9942204899725398,27.488151658767773,43.453791469194314,3376,-814.8832302057476,855.2199496842013,943.6862643539315,0.6218147826297509,33.32345971563981
stage_moving_or_mixed,2024,0.075,3376,3368,99.76303317535546,1.3688280292401553,1.3824581211045852,1.645309378431558,0.9950977228175324,25.0,37.52962085308057,3376,-902.431496086787,912.1226717970296,994.1114577466482,0.5993885515569282,29.324644549763036
stage_moving_or_mixed,2025,0.07,3017,3017,100.0,0.8112861817376535,0.9105753048725787,1.1361909821910507,0.9903334904785144,38.05104408352668,62.67815710971163,3017,-678.8716245137881,747.2267427437631,832.8792093198008,0.7146221485390027,39.97348359297315
stage_moving_or_mixed,2025,0.0725,3017,3017,100.0,0.9425498447507195,0.9804041620468571,1.213366343830041,0.9917895919745962,33.60954590652966,58.833278090818695,3017,-777.0628930688196,801.7012925269385,888.5821212598485,0.6879048411502794,36.49320517069937
stage_moving_or_mixed,2025,0.075,3017,3017,100.0,1.0790756203626626,1.0851482383818387,1.3089103058884384,0.9929496819493071,26.35067948293006,54.95525356314219,3017,-868.2290481764268,871.9899704988301,950.3186034760917,0.6632246032745026,27.17931720251906
observed_flow_only,2020,0.07,83,83,100.0,0.03194231548039866,0.33480366826616714,0.5365827947694991,0.9767591844294062,90.36144578313254,91.56626506024097,83,-138.61314175753247,660.0417849533637,950.565115465232,0.7017923744900137,1.2048192771084338
observed_flow_only,2020,0.0725,83,83,100.0,0.060678808056510554,0.35945026848526823,0.5421131892929351,0.9761622480789556,90.36144578313254,91.56626506024097,83,-186.20689374897682,678.5158771088609,925.3777562600775,0.6762211562189206,0.0
observed_flow_only,2020,0.075,83,83,100.0,0.08985568486110308,0.3844919717575908,0.5493699030261517,0.9754505456790841,90.36144578313254,91.56626506024097,83,-230.39070391434134,695.6256785207537,904.752133401777,0.652491916132271,0.0
observed_flow_only,2021,0.07,3980,3287,82.58793969849246,0.1993361556923614,1.237078035522643,1.7745953271367003,0.9685606690042229,42.1356783919598,60.27638190954774,3929,-490.85314637711537,786.9149764068142,1056.3815603834294,0.7247809134766718,41.58819037923136
observed_flow_only,2021,0.0725,3980,3284,82.51256281407035,0.3029955483105428,1.2689162404285759,1.8067072697394206,0.9679565072944168,43.165829145728644,59.27135678391959,3929,-600.9791316964107,804.8112410512703,1035.9339716255452,0.6982419512437368,39.52659709849834
observed_flow_only,2021,0.075,3980,3281,82.43718592964824,0.4077378846509623,1.324072564200312,1.8482283760740537,0.9672245672445641,37.713567839195974,56.78391959798995,3929,-703.3931475850056,849.394396762792,1037.2300801431568,0.673613361405179,36.625095444133365
observed_flow_only,2022,0.07,3903,3534,90.5457340507302,0.7100512053321213,1.1565659150962977,1.736864298308046,0.95862663916294,45.78529336407892,61.183704842428895,3903,-598.5038216679261,781.0474598523507,1040.669727852086,0.7096103249789164,43.22316167050986
observed_flow_only,2022,0.0725,3903,3484,89.26466820394569,0.8421133343592063,1.1859462434326022,1.7935895400358517,0.9590041815653547,47.24570842941328,61.28619011017167,3903,-707.002695291237,803.8330456123673,1063.09902640905,0.6838282225978206,41.40404816807584
observed_flow_only,2022,0.075,3903,3457,88.57289264668205,0.974780515765323,1.257724557186641,1.8643238894852454,0.9588863803694732,41.890853189853964,59.800153727901616,3903,-807.8628496381438,858.2512482059965,1098.743420545893,0.6599814238212024,39.09812964386369
observed_flow_only,2023,0.07,4219,3196,75.75254799715573,0.054902410501612785,1.0778547885895433,1.4500280579818474,0.9720803143268673,43.61223038634748,56.71960180137473,4219,-578.487106005453,640.7329424938978,730.5765629590894,0.7790561943070626,45.88765110215691
observed_flow_only,2023,0.0725,4219,3147,74.59113534012799,0.17537073521327073,1.1607719196729238,1.5094711920215638,0.9703569953260265,37.42593031524058,54.56269258118037,4219,-682.9018758146325,714.5844668861355,792.5773889657016,0.7507179934200912,39.3695188433278
observed_flow_only,2023,0.075,4219,3086,73.14529509362409,0.28904355870421994,1.255218062004014,1.573502895500958,0.9687881133677639,27.02062100023702,51.95543967764873,4219,-779.9003701952046,797.0940747000577,861.8904313226934,0.7242704545480706,34.202417634510546
observed_flow_only,2024,0.07,4333,4306,99.37687514424186,0.7245194758591894,0.8978878542314256,1.1852665969425307,0.9904078876816214,43.04177244403415,64.29725363489499,4333,-547.0352523435134,673.3072812393902,776.8679681254387,0.7989860051649348,49.29609969997692
observed_flow_only,2024,0.0725,4333,4297,99.16916685898916,0.8732788686113422,0.9604078229792835,1.2582952156965075,0.9918910751835197,41.24163397184399,61.389337641357024,4333,-660.5654260476257,720.2011018526318,821.9200134985681,0.7698372136782985,45.76505885068082
observed_flow_only,2024,0.075,4333,4290,99.00761597045926,1.0168806206559549,1.0564983540855621,1.346347931518713,0.9928399517761964,36.833602584814216,56.081237018232166,4333,-766.0415579279285,789.7532641647705,881.3517272285233,0.7427917102990284,41.68012924071082
observed_flow_only,2025,0.07,4148,4133,99.63837994214079,0.5851007396890748,0.7101807117246534,0.9308931445800352,0.9927870271109178,51.39826422372228,75.53037608486018,4148,-595.9174601858649,682.3504832279569,763.5835194940613,0.8004116879465824,49.97589199614272
observed_flow_only,2025,0.0725,4148,4127,99.49373191899711,0.7167783835255903,0.7759453274897863,1.0024008542071425,0.9937913336379861,47.29990356798457,71.19093539054965,4148,-705.9743777406198,742.7602814842961,823.9277810361573,0.7713493996361915,45.298939247830276
observed_flow_only,2025,0.075,4148,4121,99.34908389585343,0.8522818288838853,0.8713943824432612,1.0954155873418618,0.9945359321972668,38.428158148505304,66.87560270009644,4148,-808.2199071833742,817.4358971578808,893.2215388650869,0.7438765019499121,33.799421407907424
