group,year,derivative_window_hours,samples,median_storage_rate_m3s,p10_storage_rate_m3s,p90_storage_rate_m3s,closure_bias_m3s,closure_mae_m3s,closure_rmse_m3s,closure_median_ratio,closure_within_20pct_percent
all,2020,2,165,-6.333820185597158,-62.062774340297615,33.74705621652634,-200.95017354053394,694.2024111000333,949.654522326773,0.6735638266095659,0.6060606060606061
all,2021,2,7837,2.656328693603476,-99.74346509359943,105.32377362055415,-594.9539375684925,839.9210682131254,1086.1173442663555,0.698648306975316,38.02475437029476
all,2022,2,7786,-0.8878550201137033,-151.72394404648804,134.57121900454575,-703.4334195767517,842.764307499626,1114.5582027314479,0.6915281968151157,40.72694580015413
all,2023,2,8418,0.6389114929326913,-314.4386868380668,331.510630392802,-680.914146063382,748.2887103807917,854.483184193036,0.7517415547496141,39.41553813257306
all,2024,2,8663,5.795074429826604,-354.7339694715813,370.93017620430646,-655.5233636271211,783.30116941788,896.5923299858235,0.7696261913636312,43.899342029320096
all,2025,2,8263,-1.1993279422809267,-202.41741105607608,171.1927460440977,-707.2244760620597,794.481702642788,888.8878917760924,0.7624610218145706,42.86578724434224
falling_flow,2020,2,0,,,,,,,,
falling_flow,2021,2,569,-57.48394405964969,-928.1168234386117,169.30040069795228,-613.744841773591,895.2773855879276,1348.9267198056614,0.8791711263554468,65.72934973637962
falling_flow,2022,2,998,-155.5924446621951,-1544.4949495229218,119.81277554920031,-945.4437766632631,1081.237190869739,1537.4350520861558,0.803937273256002,49.69939879759519
falling_flow,2023,2,1494,-219.85340228972544,-1084.2172182803629,67.50976134265069,-905.0741967267448,936.5571905377607,1120.796922310571,0.7699714646728684,43.64123159303882
falling_flow,2024,2,1788,-284.3130387434819,-1349.5380739042448,139.5040016761592,-729.2145791907018,804.5263256827519,966.3058852639563,0.8281574626723177,58.7248322147651
falling_flow,2025,2,1311,-236.27725943613797,-1213.3602919629486,59.78773606761876,-785.5582834645073,839.349060876269,1000.8375696464815,0.8502513214876187,62.31884057971014
rising_flow,2020,2,0,,,,,,,,
rising_flow,2021,2,586,98.34716721754108,-137.22619042736426,996.2762793550413,-11.914688794970663,684.5063488449047,914.7223925651135,0.9643722536161394,69.7952218430034
rising_flow,2022,2,941,129.8759265807685,-117.18201599529634,1451.3902706806734,-331.92667326630846,946.5411902383304,1289.0180733475277,0.8749885802780044,45.05844845908608
rising_flow,2023,2,1550,185.3486300006716,-24.913330424508494,968.830384885278,-514.9522268000312,713.9970655341999,814.3088815451118,0.8289951349705134,49.67741935483871
rising_flow,2024,2,1874,191.98427341107796,-83.59782673920319,1177.743029767587,-218.29259004562928,600.2292710091715,705.1350516121508,0.8940555742895798,66.80896478121664
rising_flow,2025,2,1288,214.2455783188881,-51.04828453869766,1250.3096696684518,-210.30270612303838,626.5803812777743,741.7143613775685,0.9020372162454688,67.2360248447205
stable,2020,2,138,-4.188217255744256,-61.862429739870336,29.22413310109203,-307.3460721279644,622.2593374772641,815.4151994806216,0.6710757002403893,0.7246376811594203
stable,2021,2,3574,0.8148281684279856,-54.437806565001196,51.326782329870085,-692.3221578814043,886.3573143772106,1099.122072407647,0.5686703723268951,26.636821488528263
stable,2022,2,3104,-0.6291951682703156,-62.82972550439648,47.71038637811609,-751.7088199010633,782.8311546160531,974.410841986228,0.6559213880654845,35.019329896907216
stable,2023,2,2225,0.0874482315695948,-48.90996818100661,63.49240675511172,-681.8150510108094,703.9205290263138,754.9165531341033,0.720329990853396,34.02247191011236
stable,2024,2,1630,2.5654312339497523,-102.39976533842915,97.97743749182759,-768.1679449502227,775.8538538367508,858.4967195181862,0.7136249925999743,26.25766871165644
stable,2025,2,2655,-0.3892977914845364,-61.254367964181625,61.61745795280072,-823.4014263052827,826.4312587604393,878.6813476883437,0.6822513979594214,29.868173258003765
stage_moving_or_mixed,2020,2,27,-21.17940695680264,-56.13254110059018,68.61397796977484,342.8510859063329,1061.9114540608532,1453.5746955786092,0.7035273524870661,0.0
stage_moving_or_mixed,2021,2,3108,5.2518380376003275,-102.9774367802559,109.04677525041159,-589.4761241483628,805.6907391182328,1046.1693522445003,0.7192581076056004,40.057915057915054
stage_moving_or_mixed,2022,2,2743,-0.6533698584118651,-109.8897338189578,111.36533703647514,-688.1999778338153,788.2191096469523,1010.7679980269123,0.6681002254833414,42.43528982865476
stage_moving_or_mixed,2023,2,3149,-0.06296043651178479,-212.6719446806761,260.1234319618379,-655.6176537353741,707.1957105940086,791.7005770770531,0.7331954134622775,36.17021276595745
stage_moving_or_mixed,2024,2,3371,1.57250756462622,-152.73543059996535,171.70746246053525,-805.0338675450615,877.4172425752722,968.4024377778144,0.625665364047917,31.830317413230496
stage_moving_or_mixed,2025,2,3009,-3.953338417001069,-104.10380343614767,76.32920940483656,-783.2928759560757,818.612551357205,903.6543844768433,0.6944916194247996,35.427052176802924
all,2020,6,163,-9.742379892284257,-36.33028741595425,12.666503887234331,-198.76535891117044,694.0927591687969,949.7402341343912,0.6711835512343474,1.2269938650306749
all,2021,6,7824,0.27185429019094615,-94.57655466446053,106.34345852907057,-594.3917747697747,829.7324820599758,1064.780838401444,0.7010646441867693,38.58640081799591
all,2022,6,7776,-1.7483752844406775,-176.40280940615315,171.54654584737546,-699.1299297985622,830.6888919212261,1084.7042839836727,0.6929557190479689,41.293724279835395
all,2023,6,8382,2.1053384325853375,-235.91628926382185,230.7145222071298,-681.8856400022866,732.1445535459476,820.3934544070909,0.7460003148563485,39.64447625864948
all,2024,6,8660,8.155487839422465,-364.9869261993052,316.64999712730224,-655.6153696139779,754.0203062738251,856.1037638412776,0.7680479603666452,45.05773672055427
all,2025,6,8253,-3.9583112962923392,-204.16020063227472,206.0630986735948,-704.787632826666,760.8846792579747,850.5616385717699,0.7730182670586163,45.34108808917969
falling_flow,2020,6,0,,,,,,,,
falling_flow,2021,6,569,-250.64286906005333,-630.9835460077924,-42.74986522662833,-595.4429769687762,877.4837782016516,1229.068925785718,0.872996963610537,63.79613356766256
falling_flow,2022,6,993,-319.99693942036964,-883.676044393946,-57.337549834673865,-895.4219719129494,1025.9941626288107,1398.0030544136143,0.828659793068719,50.251762336354474
falling_flow,2023,6,1492,-235.22151289069438,-723.7144854879444,-70.3457797336066,-862.158068403871,884.366997780421,1018.9771999879341,0.7704210113781471,44.571045576407506
falling_flow,2024,6,1788,-322.51423355100746,-637.6226840725086,-63.219289930472364,-646.1759541159191,738.3866633196517,859.8691358760472,0.8499548591369217,59.675615212527966
falling_flow,2025,6,1311,-249.1472817828313,-778.3347413522105,-72.37562224422754,-720.4058241327396,752.9529985701223,885.1557326633457,0.8587460736129247,67.35316552250191
rising_flow,2020,6,0,,,,,,,,
rising_flow,2021,6,585,266.57617946044644,39.51652955423849,639.9361134617365,-24.72546139196244,579.6534028997759,775.7014806717268,0.991831135660131,79.82905982905983
rising_flow,2022,6,941,320.3199793435019,21.257772434693244,917.5232271854414,-368.189744729187,897.4123455845994,1241.8256579428144,0.8635425401832775,48.565356004250795
rising_flow,2023,6,1541,211.81846144558207,52.392822456761365,671.0069873656519,-554.4006337140698,694.5283233353214,792.665824868247,0.8105687659730274,50.68137573004543
rising_flow,2024,6,1874,266.9322711532525,65.24211672102791,641.024628711023,-291.6504578400804,544.5946561812905,635.4727052982702,0.901411417565666,69.15688367129135
rising_flow,2025,6,1289,254.5872525141257,89.2086408262515,795.083774227631,-262.82884830641314,502.5564690527103,594.5536136102476,0.9167595137799097,77.8122575640031
stable,2020,6,138,-8.32230134784037,-26.621654296834436,9.832389392050185,-304.5401917226484,619.9710780354276,814.502540497747,0.670327541736965,1.4492753623188406
stable,2021,6,3576,-0.3913843493341227,-21.436954214469424,22.596485614473067,-692.4656907461069,886.0967276870988,1098.542388198546,0.5695161204959173,26.56599552572707
stable,2022,6,3108,-0.8908299204467416,-24.429446638360613,24.055930958423705,-748.1481303548877,777.7898094517786,967.3867884372387,0.6565856327230104,35.006435006435005
stable,2023,6,2228,0.0,-16.52896564032848,15.256862640525283,-686.9537106813748,705.4899551239555,750.6566536203906,0.7186630193320196,33.61759425493716
stable,2024,6,1630,2.9084312619330985,-24.538411999146142,26.669882549099693,-766.478402518681,774.5615475329199,854.1412633918927,0.70647953477645,25.950920245398773
stable,2025,6,2658,-1.4026601156288827,-28.34971483591689,26.943223939516066,-823.9256902336115,826.8711313602142,877.9768780835736,0.6801505518019862,30.248306997742663
stage_moving_or_mixed,2020,6,25,-42.34062112485369,-61.740158503315236,216.78231008080024,385.11171820818726,1103.244439024996,1489.6425866699635,0.6936162242075256,0.0
stage_moving_or_mixed,2021,6,3094,14.634815447811658,-91.1253604850631,101.9745208485405,-588.5560720365568,803.0896997204516,1039.5359767727873,0.7239794420349048,40.04524886877828
stage_moving_or_mixed,2022,6,2734,-12.778191710609804,-91.36865835074356,91.96369024462429,-686.0165973192782,796.923509552966,1020.7527467291902,0.6758512618302046,42.68471104608632
stage_moving_or_mixed,2023,6,3121,24.036734385806376,-139.65623046942676,147.1912609562809,-655.0340764143242,696.9754312264791,773.7722816546392,0.7303465031687478,36.14226209548222
stage_moving_or_mixed,2024,6,3368,19.957488210237138,-94.06891186272028,107.99199644705216,-809.4874527315989,868.9058165538571,956.146881009608,0.6251011850030108,33.1353919239905
stage_moving_or_mixed,2025,6,2995,-22.649198183757427,-84.53734758404352,72.18553242540801,-782.4305269357424,816.9753325630189,902.4082138755032,0.6955438474050556,35.12520868113522
all,2020,12,160,-10.44257295071958,-30.47764250533876,11.751539414565041,-193.2608995150543,696.5712784969995,954.4458481189126,0.6696288906612169,1.25
all,2021,12,7805,0.28255142236180186,-95.07687471002023,104.25120735995051,-594.5950020458525,824.4529570114362,1060.7840634953957,0.7018086310055354,38.795643818065344
all,2022,12,7775,-0.9477609267603192,-168.35159693817937,182.8967939578762,-697.31088000182,823.9100147142743,1079.5872182196833,0.6926107192629134,41.672025723472665
all,2023,12,8335,-2.941139291283088,-143.12989439360555,153.28732447517774,-681.6760538953172,730.1753955260524,809.7289211294158,0.7465359400399207,39.7120575884823
all,2024,12,8661,2.3956316150424795,-127.92322010141332,120.78581071472951,-656.1853616523691,738.1182338122127,845.5173126183265,0.7679083476083449,45.676018935457805
all,2025,12,8247,-6.320533137536021,-132.06949871246405,139.79671105180023,-704.8507392801561,748.3398395071491,840.0584847705811,0.7706529521716452,45.361949799927245
falling_flow,2020,12,0,,,,,,,,
falling_flow,2021,12,569,-134.27873503205745,-327.2604061190686,-1.868261410606687,-444.59029955445646,782.9832756834107,1176.1961636402605,0.8931607871244133,67.48681898066783
falling_flow,2022,12,988,-177.47769136095542,-540.8137849853578,-0.1460513115319322,-698.1675921644592,910.0455852053493,1281.2222936660485,0.8733907505834695,53.34008097165992
falling_flow,2023,12,1479,-119.27098721909285,-367.12672460611435,-11.613561875228209,-690.7551962334346,749.7966729392668,868.741513627152,0.800904329551165,49.763353617308994
falling_flow,2024,12,1789,-64.84886352017038,-246.50086104999752,137.51880050727473,-365.59337575609413,595.6755050229355,707.6928282857269,0.8983776306684017,67.57965343767468
falling_flow,2025,12,1305,-125.2216178821186,-383.4671098875279,-5.560572721378906,-546.2359425700623,637.4356826298771,769.7104577453047,0.8855481653354254,72.56704980842912
rising_flow,2020,12,0,,,,,,,,
rising_flow,2021,12,584,145.08406963928482,7.96294127955661,361.5465177228767,-158.24982711817978,571.8562747468152,772.4143093297148,0.9618906041049543,78.93835616438356
rising_flow,2022,12,945,200.38522389813153,5.2543102641109805,554.1466132478131,-531.8326411331537,912.112087574739,1299.145860902854,0.8379403818977188,48.67724867724868
rising_flow,2023,12,1525,99.31651849210469,-21.172223884467446,381.2923642091952,-706.6057182556272,784.0194905870982,889.1922931371743,0.7803918614408148,46.68852459016393
rising_flow,2024,12,1870,47.367046067977014,-107.04525010399777,217.7283664955981,-559.5656102756399,621.1680453549085,753.2744705068237,0.8614015084067859,63.850267379679146
rising_flow,2025,12,1293,121.31664411452823,-1.7835774128721191,423.3341097612632,-452.92455979777344,555.7873463547074,659.4430767919799,0.8818515714158665,72.31245166279969
stable,2020,12,135,-9.297301817119674,-26.83302988019496,5.1322566631607485,-299.02826747507237,626.8041782803963,830.3149033571254,0.6693081911191487,1.4814814814814816
stable,2021,12,3566,-0.3918492750733815,-31.436307247980388,28.841505464013597,-695.2678335031204,888.6428290559068,1100.5183555026013,0.5698058931385259,26.528323051037578
stable,2022,12,3103,0.13781460681930185,-37.25973311197234,27.893056068042778,-749.6908518085119,781.0771023287678,972.7018049988835,0.657848468895271,35.12729616500161
stable,2023,12,2213,-0.6468857331153144,-47.30236716924261,71.19589979246824,-684.8031166233903,708.5558448247559,753.9262104596926,0.7177383649111284,33.75508359692725
stable,2024,12,1629,2.798347948555731,-39.98328684662162,50.81881136961806,-765.3541109543454,776.5314945326162,857.0205648552676,0.7077570581217247,26.703499079189687
stable,2025,12,2650,-4.778217512121321,-37.55431720801471,35.26449475575231,-822.5937065294503,826.9906678232963,880.172817631919,0.6812624296997947,29.886792452830193
stage_moving_or_mixed,2020,12,25,-20.809769965614088,-36.08846533684646,124.6076284637723,377.8828874690436,1073.3136196666567,1451.6558419837709,0.7120782614095602,0.0
stage_moving_or_mixed,2021,12,3086,3.907322531182457,-87.19385200575184,111.30667896895825,-588.4961494530949,805.7269775582944,1038.4919452508123,0.7217015228046644,40.08425145819832
stage_moving_or_mixed,2022,12,2739,-8.786781872767541,-119.15755788315101,129.37108536305578,-694.7535421405705,810.9336089581243,1030.5917773119113,0.6728510947798984,42.46075209930631
stage_moving_or_mixed,2023,12,3118,-5.371944883247768,-110.24284802397166,146.82090012934003,-662.9570098014192,709.8777532681083,777.5461792587106,0.7271086894873893,35.76010262989095
stage_moving_or_mixed,2024,12,3373,4.845831958710871,-74.48631550110683,83.76982294122614,-811.154856235826,859.9538971699471,949.0748976062945,0.6238246260227536,33.14556774384821
stage_moving_or_mixed,2025,12,2999,-10.37906128323499,-73.1192086061558,86.25433862104295,-778.4466034237914,810.1189669940304,900.4267167915541,0.693489736668882,35.578526175391794
all,2020,24,154,-8.082719145244745,-24.53836493413773,10.734071756819878,-180.3373425192269,703.4382064292221,967.2685153872318,0.6695576831810871,1.2987012987012987
all,2021,24,7785,-0.18231158660845487,-49.009275704565354,57.59066199040523,-594.9046103884046,821.2884262866927,1059.781133307921,0.7009608732115931,38.689788053949904
all,2022,24,7761,-2.6789852948065986,-53.56456069846672,55.58162056272022,-696.3095734607772,815.1507403812756,1077.1652185434803,0.691776325186547,41.55392346347121
all,2023,24,8263,0.34828541707868377,-27.994147357167535,40.38502219917635,-681.9552198371749,722.0113389665992,803.244597695623,0.7471197292213485,39.646617451288876
all,2024,24,8660,0.06568325147127595,-37.12641019769898,34.22090079683703,-656.3093721328609,733.8375039248895,844.0796279825722,0.7670983956712532,45.26558891454965
all,2025,24,8242,0.6658704786551082,-32.399551166527885,34.97275500629017,-704.0792039947381,747.9822919681807,834.7169400752789,0.7698534991594379,44.879883523416645
falling_flow,2020,24,0,,,,,,,,
falling_flow,2021,24,569,-11.528750917596259,-99.12882322977559,89.68580246271874,-307.50812374382906,737.2518643390476,1150.2660698250656,0.911752849219287,68.89279437609842
falling_flow,2022,24,981,-5.53067538157002,-90.7300313469195,87.55922507257175,-483.73458686943957,826.2982635490159,1201.2608142905501,0.903650586590605,53.41488277268094
falling_flow,2023,24,1455,3.9921925673509637,-31.03558102823725,46.66505158827902,-530.4808928709117,657.7110118939684,770.78556955668,0.829317719621522,54.70790378006873
falling_flow,2024,24,1784,-1.352946963610119,-39.63352384318218,32.341053792209124,-309.95543621525314,554.9812502050223,665.6367916012022,0.9021609501778853,67.76905829596413
falling_flow,2025,24,1301,8.604833027447436,-23.950831846967425,41.86915243978439,-376.2280025364055,542.8041149040065,651.1032541695022,0.910993575162709,76.40276710222905
rising_flow,2020,24,0,,,,,,,,
rising_flow,2021,24,584,13.917856369030282,-59.74847880861017,179.7804429152481,-297.699419228087,594.72595232087,802.5730531948133,0.9389093784793467,75.51369863013699
rising_flow,2022,24,949,2.818151770725812,-59.030412106989694,109.78332486181225,-764.4528271953671,1004.8627601296087,1421.4081852141753,0.8090193223545751,46.68071654373024
rising_flow,2023,24,1524,8.117312798491266,-25.565699529946723,60.101957666016816,-834.5729931474106,849.2680377268772,959.3671591044236,0.7606656136343961,43.24146981627297
rising_flow,2024,24,1875,-0.9138230637388511,-36.59469327978776,30.251312310255102,-609.4828956344417,646.6474896419362,785.7598669696007,0.8526090657371234,62.45333333333334
rising_flow,2025,24,1291,6.885318026639159,-23.311036732631425,42.51710445634909,-608.1449732208949,653.6594684733236,757.6963778831329,0.8446680064296989,64.67854376452362
stable,2020,24,129,-7.569152623259428,-25.0408991729515,7.801888079638456,-287.94239155202655,634.0858373950709,847.0162500334878,0.6664358163336034,1.550387596899225
stable,2021,24,3554,-0.6592502913751674,-27.71189102986736,30.633998342076104,-695.3168106169195,889.9728230680413,1100.955435204261,0.5721212778726197,26.730444569499156
stable,2022,24,3094,-1.7475755792640633,-33.6239469013792,24.704954816151428,-746.3039129940653,779.2242393801416,970.1121642533758,0.6581057098756198,35.229476405947
stable,2023,24,2200,-2.4328631734320707,-30.70340783734009,17.996126026135062,-690.4972681481606,710.0179789720768,755.5278352756262,0.7149199763785017,33.409090909090914
stable,2024,24,1630,1.721566522116083,-26.911093112370672,25.026391404090486,-767.6246050565383,776.1590084526076,856.2831717815747,0.7073661767436019,25.70552147239264
stable,2025,24,2647,-6.689113284260793,-31.189566641590282,29.645596536509146,-826.8211841555625,829.714506391803,881.3723101531483,0.6822900576798485,29.99622213826974
stage_moving_or_mixed,2020,24,25,-12.45303697449069,-24.099067603199156,63.250126683840044,374.9047104900188,1061.2964306454417,1435.7489831230027,0.7178696434389744,0.0
stage_moving_or_mixed,2021,24,3078,0.01934234552068153,-53.48484700763767,69.57428467533995,-588.4820869726304,800.503807177966,1036.4979647173766,0.7181935330186422,39.928525016244315
stage_moving_or_mixed,2022,24,2737,-5.33720446552012,-58.90921447938066,54.7097507023411,-692.3583960899267,785.9889453972738,1004.2260893052726,0.6732971749926152,42.67446108878334
stage_moving_or_mixed,2023,24,3084,-0.07653659246687311,-27.267040764050314,34.98496491085492,-671.907604054732,698.0175513427221,765.7545875831983,0.7214857020522758,35.21400778210117
stage_moving_or_mixed,2024,24,3371,0.6228486432204092,-38.70524191618759,40.00631308827549,-811.8273891740811,856.5241788096715,947.5636508622679,0.6198710513908974,33.25422723227529
stage_moving_or_mixed,2025,24,3003,-1.8853349354047397,-40.68150137683659,39.078974557552044,-779.1666111011715,805.3790292019545,892.8043303852669,0.6945476248168533,35.83083583083583
