year,station_code,station_name,start_time,end_time,hours,reason,left_anchor_time,left_anchor_m,right_anchor_time,right_anchor_m
2021,SS,双狮,2021-02-25 12:00,2021-02-25 13:00,2,temporal_inconsistent,2021-02-25 11:00,575.93,2021-02-25 14:00,583.82
2021,SS,双狮,2021-10-04 21:00,2021-10-04 22:00,2,temporal_inconsistent,2021-10-04 20:00,597.50,2021-10-04 23:00,575.59
2021,SS,双狮,2021-10-07 11:00,2021-10-07 12:00,2,temporal_inconsistent,2021-10-07 10:00,575.59,2021-10-07 13:00,598.34
2021,HH,黄华,2021-02-25 12:00,2021-02-25 13:00,2,spatial_inconsistent,2021-02-25 11:00,583.85,2021-02-25 14:00,583.82
2021,HH,黄华,2021-03-07 14:00,2021-03-07 14:00,1,spatial_inconsistent,2021-03-07 13:00,582.72,2021-03-07 15:00,582.73
2021,HH,黄华,2021-03-07 16:00,2021-03-07 16:00,1,spatial_inconsistent,2021-03-07 15:00,582.73,2021-03-07 17:00,582.72
2021,HH,黄华,2021-03-08 17:00,2021-03-08 17:00,1,spatial_inconsistent,2021-03-08 16:00,582.72,2021-03-08 18:00,582.68
2021,HH,黄华,2021-03-09 13:00,2021-03-09 13:00,1,spatial_inconsistent,2021-03-09 12:00,582.64,2021-03-09 14:00,582.64
2021,HH,黄华,2021-03-10 13:00,2021-03-10 13:00,1,spatial_inconsistent,2021-03-10 12:00,582.73,2021-03-10 14:00,582.76
2021,HH,黄华,2021-03-10 15:00,2021-03-10 16:00,2,spatial_inconsistent,2021-03-10 14:00,582.76,2021-03-10 17:00,582.80
2021,HH,黄华,2021-03-11 15:00,2021-03-11 15:00,1,spatial_inconsistent,2021-03-11 14:00,582.89,2021-03-11 16:00,582.90
2021,HH,黄华,2021-03-12 14:00,2021-03-12 14:00,1,spatial_inconsistent,2021-03-12 13:00,582.78,2021-03-12 15:00,582.77
2021,HH,黄华,2021-03-12 16:00,2021-03-12 16:00,1,spatial_inconsistent,2021-03-12 15:00,582.77,2021-03-12 17:00,582.75
2021,HH,黄华,2021-03-14 15:00,2021-03-14 16:00,2,spatial_inconsistent,2021-03-14 14:00,583.27,2021-03-14 17:00,583.28
2021,HH,黄华,2021-03-16 03:00,2021-03-16 04:00,2,spatial_inconsistent,2021-03-16 02:00,583.33,2021-03-16 05:00,583.37
2021,HH,黄华,2021-03-16 07:00,2021-03-16 07:00,1,spatial_inconsistent,2021-03-16 06:00,583.37,2021-03-16 08:00,583.41
2021,HH,黄华,2021-03-16 18:00,2021-03-16 18:00,1,spatial_inconsistent,2021-03-16 17:00,583.39,2021-03-16 19:00,583.38
2021,HH,黄华,2021-03-18 23:00,2021-03-18 23:00,1,spatial_inconsistent,2021-03-18 22:00,583.66,2021-03-19 00:00,583.69
2021,HH,黄华,2021-03-19 11:00,2021-03-19 11:00,1,spatial_inconsistent,2021-03-19 10:00,583.87,2021-03-19 12:00,583.92
2021,HH,黄华,2021-03-19 15:00,2021-03-19 15:00,1,spatial_inconsistent,2021-03-19 14:00,583.95,2021-03-19 16:00,583.99
2021,HH,黄华,2021-03-20 16:00,2021-03-20 16:00,1,spatial_inconsistent,2021-03-20 15:00,584.33,2021-03-20 17:00,584.37
2021,SLB,双龙坝,2021-03-07 14:00,2021-03-07 14:00,1,temporal_inconsistent,2021-03-07 13:00,582.72,2021-03-07 15:00,582.69
2021,SLB,双龙坝,2021-03-07 16:00,2021-03-07 16:00,1,temporal_inconsistent,2021-03-07 15:00,582.69,2021-03-07 17:00,584.82
2021,SLB,双龙坝,2021-03-07 22:00,2021-03-08 10:00,13,out_of_range,2021-03-07 21:00,582.68,2021-03-08 11:00,582.63
2021,SLB,双龙坝,2021-03-08 17:00,2021-03-08 17:00,1,temporal_inconsistent,2021-03-08 16:00,587.00,2021-03-08 18:00,586.15
2021,SLB,双龙坝,2021-03-09 13:00,2021-03-09 13:00,1,temporal_inconsistent,2021-03-09 12:00,582.14,2021-03-09 14:00,582.79
2021,SLB,双龙坝,2021-03-10 13:00,2021-03-10 16:00,4,temporal_inconsistent,2021-03-10 12:00,582.33,2021-03-10 17:00,582.87
2021,SLB,双龙坝,2021-03-11 15:00,2021-03-11 16:00,2,temporal_inconsistent,2021-03-11 14:00,582.48,2021-03-11 17:00,582.36
2021,SLB,双龙坝,2021-03-12 14:00,2021-03-12 14:00,1,temporal_inconsistent,2021-03-12 13:00,582.29,2021-03-12 15:00,579.45
2021,SLB,双龙坝,2021-03-12 16:00,2021-03-12 16:00,1,temporal_inconsistent,2021-03-12 15:00,579.45,2021-03-12 17:00,582.69
2021,SLB,双龙坝,2021-03-14 12:00,2021-03-14 13:00,2,out_of_range,2021-03-14 11:00,583.05,2021-03-14 14:00,580.48
2021,SLB,双龙坝,2021-03-14 15:00,2021-03-14 17:00,3,out_of_range+spatial_inconsistent+temporal_inconsistent,2021-03-14 14:00,580.48,2021-03-14 18:00,583.24
2021,SLB,双龙坝,2021-03-16 03:00,2021-03-16 08:00,6,out_of_range+spatial_inconsistent+temporal_inconsistent,2021-03-16 02:00,586.48,2021-03-16 09:00,582.90
2021,SLB,双龙坝,2021-03-16 18:00,2021-03-17 11:00,18,out_of_range+spatial_inconsistent,2021-03-16 17:00,582.49,2021-03-17 12:00,582.30
2021,SLB,双龙坝,2021-03-17 22:00,2021-03-18 10:00,13,out_of_range,2021-03-17 21:00,584.88,2021-03-18 11:00,582.30
2021,SLB,双龙坝,2021-03-18 23:00,2021-03-19 11:00,13,out_of_range+spatial_inconsistent,2021-03-18 22:00,586.61,2021-03-19 12:00,583.33
2021,SLB,双龙坝,2021-03-19 13:00,2021-03-19 16:00,4,out_of_range+temporal_inconsistent,2021-03-19 12:00,583.33,2021-03-19 17:00,583.65
2021,SLB,双龙坝,2021-03-19 19:00,2021-03-20 12:00,18,out_of_range,2021-03-19 18:00,583.59,2021-03-20 13:00,583.05
2021,SLB,双龙坝,2021-03-20 16:00,2021-03-23 11:00,68,missing+out_of_range+spatial_inconsistent,2021-03-20 15:00,583.09,2021-03-23 12:00,582.92
2021,SLB,双龙坝,2021-03-28 13:00,2021-03-28 17:00,5,missing,2021-03-28 12:00,582.83,2021-03-28 18:00,583.44
2021,SLB,双龙坝,2021-05-19 20:00,2021-05-21 14:00,43,spatial_inconsistent,2021-05-19 19:00,546.43,2021-05-21 15:00,543.45
2021,YMT,幺米沱,2021-03-11 16:00,2021-03-11 16:00,1,spatial_inconsistent,2021-03-11 15:00,583.04,2021-03-11 17:00,583.13
2021,YMT,幺米沱,2021-03-19 16:00,2021-03-19 16:00,1,spatial_inconsistent,2021-03-19 15:00,584.05,2021-03-19 17:00,584.19
2021,YMT,幺米沱,2021-05-19 19:00,2021-05-21 15:00,45,spatial_inconsistent+temporal_inconsistent,2021-05-19 18:00,554.42,2021-05-21 16:00,543.85
2023,SS,双狮,2023-01-09 00:00,2023-01-09 00:00,1,missing,2023-01-08 23:00,571.30,2023-01-09 01:00,571.25
2023,SS,双狮,2023-01-10 00:00,2023-01-10 00:00,1,missing,2023-01-09 23:00,570.85,2023-01-10 01:00,570.79
2023,SS,双狮,2023-01-12 22:00,2023-01-12 22:00,1,missing,2023-01-12 21:00,568.87,2023-01-12 23:00,568.83
2023,SS,双狮,2023-04-17 15:00,2023-04-20 14:00,72,spatial_inconsistent,2023-04-17 14:00,558.17,2023-04-20 15:00,556.58
2023,SS,双狮,2023-04-28 12:00,2023-04-28 13:00,2,missing,2023-04-28 11:00,550.81,2023-04-28 14:00,550.84
2023,SS,双狮,2023-05-06 16:00,2023-05-08 14:00,47,missing,2023-05-06 15:00,550.70,2023-05-08 15:00,549.73
2023,SS,双狮,2023-06-20 00:00,2023-06-21 11:00,36,spatial_inconsistent,2023-06-19 23:00,548.21,2023-06-21 12:00,548.56
2023,SS,双狮,2023-12-03 18:00,2023-12-03 22:00,5,missing,2023-12-03 17:00,587.87,2023-12-03 23:00,587.03
2023,HH,黄华,2023-01-09 00:00,2023-01-09 00:00,1,missing,2023-01-08 23:00,571.30,2023-01-09 01:00,571.22
2023,HH,黄华,2023-01-10 00:00,2023-01-10 00:00,1,missing,2023-01-09 23:00,570.84,2023-01-10 01:00,570.79
2023,HH,黄华,2023-04-17 14:00,2023-04-20 15:00,74,spatial_inconsistent+temporal_inconsistent,2023-04-17 13:00,558.25,2023-04-20 16:00,556.55
2023,HH,黄华,2023-04-28 12:00,2023-04-28 13:00,2,missing,2023-04-28 11:00,550.83,2023-04-28 14:00,550.88
2023,HH,黄华,2023-05-06 16:00,2023-05-08 14:00,47,missing,2023-05-06 15:00,550.71,2023-05-08 15:00,549.77
2023,HH,黄华,2023-06-20 00:00,2023-06-21 12:00,37,spatial_inconsistent+temporal_inconsistent,2023-06-19 23:00,538.22,2023-06-21 13:00,548.58
2023,HH,黄华,2023-12-03 18:00,2023-12-03 22:00,5,missing,2023-12-03 17:00,587.90,2023-12-03 23:00,587.05
2023,SLB,双龙坝,2023-01-09 00:00,2023-01-09 00:00,1,missing,2023-01-08 23:00,571.44,2023-01-09 01:00,571.33
2023,SLB,双龙坝,2023-01-10 00:00,2023-01-10 00:00,1,missing,2023-01-09 23:00,570.94,2023-01-10 01:00,570.84
2023,SLB,双龙坝,2023-01-17 17:00,2023-01-17 17:00,1,temporal_inconsistent,2023-01-17 16:00,570.84,2023-01-17 18:00,570.83
2023,SLB,双龙坝,2023-04-28 12:00,2023-04-28 13:00,2,missing,2023-04-28 11:00,551.01,2023-04-28 14:00,551.08
2023,SLB,双龙坝,2023-05-06 16:00,2023-05-08 14:00,47,missing,2023-05-06 15:00,550.91,2023-05-08 15:00,549.96
2023,SLB,双龙坝,2023-07-08 19:00,2023-07-09 11:00,17,spatial_inconsistent,2023-07-08 18:00,557.64,2023-07-09 12:00,557.98
2023,SLB,双龙坝,2023-12-03 18:00,2023-12-03 22:00,5,missing,2023-12-03 17:00,588.01,2023-12-03 23:00,587.15
2023,YMT,幺米沱,2023-01-07 15:00,2023-01-07 15:00,1,temporal_inconsistent,2023-01-07 14:00,573.55,2023-01-07 16:00,572.41
2023,YMT,幺米沱,2023-01-09 00:00,2023-01-09 00:00,1,missing,2023-01-08 23:00,571.53,2023-01-09 01:00,571.38
2023,YMT,幺米沱,2023-01-10 00:00,2023-01-10 00:00,1,missing,2023-01-09 23:00,571.00,2023-01-10 01:00,570.90
2023,YMT,幺米沱,2023-01-17 17:00,2023-01-17 17:00,1,spatial_inconsistent,2023-01-17 16:00,570.97,2023-01-17 18:00,571.10
2023,YMT,幺米沱,2023-04-28 12:00,2023-04-28 13:00,2,missing,2023-04-28 11:00,552.02,2023-04-28 14:00,552.18
2023,YMT,幺米沱,2023-05-06 16:00,2023-05-08 14:00,47,missing,2023-05-06 15:00,551.97,2023-05-08 15:00,550.97
2023,YMT,幺米沱,2023-07-08 18:00,2023-07-09 11:00,18,spatial_inconsistent+temporal_inconsistent,2023-07-08 17:00,560.30,2023-07-09 12:00,548.26
2023,YMT,幺米沱,2023-07-10 11:00,2023-07-11 18:00,32,spatial_inconsistent+temporal_inconsistent,2023-07-10 10:00,548.74,2023-07-11 19:00,558.61
2023,YMT,幺米沱,2023-10-30 14:00,2023-10-31 18:00,29,spatial_inconsistent,2023-10-30 13:00,596.70,2023-10-31 19:00,597.00
2023,YMT,幺米沱,2023-11-17 02:00,2023-11-19 13:00,60,spatial_inconsistent,2023-11-17 01:00,593.10,2023-11-19 14:00,592.04
2023,YMT,幺米沱,2023-12-03 17:00,2023-12-03 22:00,6,missing,2023-12-03 16:00,588.16,2023-12-03 23:00,587.23
2023,YMT,幺米沱,2023-12-08 10:00,2023-12-09 16:00,31,spatial_inconsistent,2023-12-08 09:00,586.23,2023-12-09 17:00,586.07
2023,SJ,山江,2023-01-07 15:00,2023-01-07 15:00,1,spatial_inconsistent,2023-01-07 14:00,573.12,2023-01-07 16:00,573.03
2023,SJ,山江,2023-01-09 00:00,2023-01-09 00:00,1,missing,2023-01-08 23:00,571.86,2023-01-09 01:00,571.83
2023,SJ,山江,2023-01-10 00:00,2023-01-10 00:00,1,missing,2023-01-09 23:00,571.47,2023-01-10 01:00,571.51
2023,SJ,山江,2023-04-28 12:00,2023-04-28 13:00,2,missing,2023-04-28 11:00,556.10,2023-04-28 14:00,556.20
2023,SJ,山江,2023-05-06 16:00,2023-05-08 14:00,47,missing,2023-05-06 15:00,554.28,2023-05-08 15:00,554.09
2023,SJ,山江,2023-05-16 16:00,2023-05-16 18:00,3,temporal_inconsistent,2023-05-16 15:00,555.64,2023-05-16 19:00,556.32
2023,SJ,山江,2023-07-10 12:00,2023-07-11 17:00,30,spatial_inconsistent+temporal_inconsistent,2023-07-10 11:00,559.86,2023-07-11 18:00,558.59
2023,SJ,山江,2023-07-16 13:00,2023-07-16 13:00,1,temporal_inconsistent,2023-07-16 12:00,561.66,2023-07-16 14:00,565.63
2023,SJ,山江,2023-07-20 16:00,2023-07-20 16:00,1,out_of_range,2023-07-20 15:00,565.10,2023-07-20 17:00,566.31
2023,SJ,山江,2023-07-27 17:00,2023-07-27 17:00,1,temporal_inconsistent,2023-07-27 16:00,555.41,2023-07-27 18:00,565.43
2023,SJ,山江,2023-08-06 09:00,2023-08-06 18:00,10,out_of_range,2023-08-06 08:00,566.51,2023-08-06 19:00,567.13
2023,SJ,山江,2023-08-07 10:00,2023-08-07 10:00,1,out_of_range,2023-08-07 09:00,565.99,2023-08-07 11:00,566.89
2023,SJ,山江,2023-08-07 12:00,2023-08-07 14:00,3,out_of_range,2023-08-07 11:00,566.89,2023-08-07 15:00,566.45
2023,SJ,山江,2023-08-07 16:00,2023-08-08 08:00,17,out_of_range,2023-08-07 15:00,566.45,2023-08-08 09:00,566.22
2023,SJ,山江,2023-10-30 14:00,2023-10-31 19:00,30,spatial_inconsistent+temporal_inconsistent,2023-10-30 13:00,588.41,2023-10-31 20:00,597.28
2023,SJ,山江,2023-11-17 02:00,2023-11-19 14:00,61,spatial_inconsistent+temporal_inconsistent,2023-11-17 01:00,583.20,2023-11-19 15:00,591.92
2023,SJ,山江,2023-12-03 17:00,2023-12-03 22:00,6,missing,2023-12-03 16:00,588.31,2023-12-03 23:00,587.31
2023,SJ,山江,2023-12-08 10:00,2023-12-09 18:00,33,out_of_range+spatial_inconsistent,2023-12-08 09:00,576.32,2023-12-09 19:00,586.07
2023,SJ,山江,2023-12-30 14:00,2023-12-30 14:00,1,temporal_inconsistent,2023-12-30 13:00,594.67,2023-12-30 15:00,594.63
