file,role,exists,jday_rows,first_jday,last_jday,first_datetime,last_datetime
InputFiles\BHT\BHTOUTFLOW.npt,inflow_or_distributed_flow,True,8440,44197.0,44561.96,2021-01-01 00:00:00,2021-12-31 23:02:23.999999922
InputFiles\BHT\DT_QIN_BHT_AVG.csv,inflow_or_distributed_flow,True,1297,44430.0,44484.0,2021-08-22 00:00:00,2021-10-15 00:00:00
InputFiles\BHT\DT_TIN_BHT.npt,temperature,True,4381,44197.0,44562.0,2021-01-01 00:00:00,2022-01-01 00:00:00
InputFiles\BHT\TIN_BHT.npt,temperature,True,4381,44197.0,44562.0,2021-01-01 00:00:00,2022-01-01 00:00:00
InputFiles\BTH\DIXING20250226.csv,other_referenced,True,0,,,,
cases\xld_2021_base\InputFiles\lpr.npt,other_referenced,False,0,,,,
InputFiles\metinput_34.2_2021-2023.csv,meteorology,True,26280,44197.33,45292.29,2021-01-01 07:55:12.000000146,2024-01-01 06:57:36.000000077
InputFiles\metinput_34_2021-2023.csv,meteorology,True,26280,44197.33,45292.29,2021-01-01 07:55:12.000000146,2024-01-01 06:57:36.000000077
InputFiles\metinput_35_2021-2023.csv,meteorology,True,26280,44197.33,45292.29,2021-01-01 07:55:12.000000146,2024-01-01 06:57:36.000000077
InputFiles\metinput_43.2_2021-2023.csv,meteorology,True,26280,44197.33,45292.29,2021-01-01 07:55:12.000000146,2024-01-01 06:57:36.000000077
InputFiles\metinput_43_2021-2023.csv,meteorology,True,26280,44197.33,45292.29,2021-01-01 07:55:12.000000146,2024-01-01 06:57:36.000000077
InputFiles\metinput_51_2021-2023.csv,meteorology,True,26280,44197.33,45292.29,2021-01-01 07:55:12.000000146,2024-01-01 06:57:36.000000077
InputFiles\metinput_52_2021-2023.csv,meteorology,True,26280,44197.33,45292.29,2021-01-01 07:55:12.000000146,2024-01-01 06:57:36.000000077
InputFiles\metinput_59.2_2021-2023.csv,meteorology,True,26280,44197.33,45292.29,2021-01-01 07:55:12.000000146,2024-01-01 06:57:36.000000077
InputFiles\metinput_59_2021-2023.csv,meteorology,True,26280,44197.33,45292.29,2021-01-01 07:55:12.000000146,2024-01-01 06:57:36.000000077
InputFiles\metinput_60.2_2021-2023.csv,meteorology,True,26280,44197.33,45292.29,2021-01-01 07:55:12.000000146,2024-01-01 06:57:36.000000077
InputFiles\metinput_60.3_2021-2023.csv,meteorology,True,26280,44197.33,45292.29,2021-01-01 07:55:12.000000146,2024-01-01 06:57:36.000000077
InputFiles\metinput_60_2021-2023.csv,meteorology,True,26280,44197.33,45292.29,2021-01-01 07:55:12.000000146,2024-01-01 06:57:36.000000077
InputFiles\metinput_68_2021-2023.csv,meteorology,True,26280,44197.33,45292.29,2021-01-01 07:55:12.000000146,2024-01-01 06:57:36.000000077
InputFiles\TRIB\DT_QIN_JYH.csv,inflow_or_distributed_flow,True,1297,44430.0,44484.0,2021-08-22 00:00:00,2021-10-15 00:00:00
InputFiles\TRIB\DT_QIN_MGH.csv,inflow_or_distributed_flow,True,1297,44430.0,44484.0,2021-08-22 00:00:00,2021-10-15 00:00:00
InputFiles\TRIB\DT_QIN_NLJ.csv,inflow_or_distributed_flow,True,1297,44430.0,44484.0,2021-08-22 00:00:00,2021-10-15 00:00:00
InputFiles\TRIB\DT_QIN_XSJH.csv,inflow_or_distributed_flow,True,1297,44430.0,44484.0,2021-08-22 00:00:00,2021-10-15 00:00:00
InputFiles\TRIB\DT_QIN_XXH.csv,inflow_or_distributed_flow,True,1297,44430.0,44484.0,2021-08-22 00:00:00,2021-10-15 00:00:00
InputFiles\TRIB\DT_TIN_JYH.npt,temperature,True,4381,44197.0,44562.0,2021-01-01 00:00:00,2022-01-01 00:00:00
InputFiles\TRIB\DT_TIN_MGH.npt,temperature,True,4381,44197.0,44562.0,2021-01-01 00:00:00,2022-01-01 00:00:00
InputFiles\TRIB\DT_TIN_NLJ.npt,temperature,True,4381,44197.0,44562.0,2021-01-01 00:00:00,2022-01-01 00:00:00
InputFiles\TRIB\DT_TIN_XSJH.npt,temperature,True,4381,44197.0,44562.0,2021-01-01 00:00:00,2022-01-01 00:00:00
InputFiles\TRIB\DT_TIN_XXH.npt,temperature,True,4381,44197.0,44562.0,2021-01-01 00:00:00,2022-01-01 00:00:00
InputFiles\TRIB\QIN_JYH.csv,inflow_or_distributed_flow,True,17520,44197.0,44926.96,2021-01-01 00:00:00,2022-12-31 23:02:23.999999922
InputFiles\TRIB\QIN_MGH.csv,inflow_or_distributed_flow,True,17520,44197.0,44926.96,2021-01-01 00:00:00,2022-12-31 23:02:23.999999922
InputFiles\TRIB\QIN_NLJ.csv,inflow_or_distributed_flow,True,17520,44197.0,44926.96,2021-01-01 00:00:00,2022-12-31 23:02:23.999999922
InputFiles\TRIB\QIN_XSJH.csv,inflow_or_distributed_flow,True,17520,44197.0,44926.96,2021-01-01 00:00:00,2022-12-31 23:02:23.999999922
InputFiles\TRIB\QIN_XXH.csv,inflow_or_distributed_flow,True,17520,44197.0,44926.96,2021-01-01 00:00:00,2022-12-31 23:02:23.999999922
InputFiles\TRIB\TIN_JYH.npt,temperature,True,4381,44197.0,44562.0,2021-01-01 00:00:00,2022-01-01 00:00:00
InputFiles\TRIB\TIN_MGH.npt,temperature,True,4381,44197.0,44562.0,2021-01-01 00:00:00,2022-01-01 00:00:00
InputFiles\TRIB\TIN_NLJ.npt,temperature,True,4381,44197.0,44562.0,2021-01-01 00:00:00,2022-01-01 00:00:00
InputFiles\TRIB\TIN_XSJH.npt,temperature,True,4381,44197.0,44562.0,2021-01-01 00:00:00,2022-01-01 00:00:00
InputFiles\TRIB\TIN_XXH.npt,temperature,True,4381,44197.0,44562.0,2021-01-01 00:00:00,2022-01-01 00:00:00
cases\xld_2021_base\InputFiles\vpr.npt,other_referenced,False,0,,,,
InputFiles\xld_shade.csv,static_or_climatology,True,0,,,,
InputFiles\xld_wsc.npt,static_or_climatology,True,2,44197.0,50000.0,2021-01-01 00:00:00,2036-11-21 00:00:00
InputFiles\XLDOUTFLOW.npt,reservoir_outflow,True,8760,44197.0,44561.96,2021-01-01 00:00:00,2021-12-31 23:02:23.999999922
