Allow meteorological files to be read in by region rather than water body,,,
ON,,,
Number of regions,,,
13,,,
Region number,Segment start,Segment end,Meterological input file name
1,1,20,.\InputFiles\metinput_68_2021-2023.csv
2,21,56,.\InputFiles\metinput_59_2021-2023.csv
3,57,94,.\InputFiles\metinput_60_2021-2023.csv
4,95,113,.\InputFiles\metinput_51_2021-2023.csv
5,114,140,.\InputFiles\metinput_52_2021-2023.csv
6,141,190,.\InputFiles\metinput_43_2021-2023.csv
7,191,217,.\InputFiles\metinput_34_2021-2023.csv
8,218,223,.\InputFiles\metinput_35_2021-2023.csv
9,224,227,.\InputFiles\metinput_59.2_2021-2023.csv
10,228,242,.\InputFiles\metinput_60.2_2021-2023.csv
11,243,254,.\InputFiles\metinput_60.3_2021-2023.csv
12,255,272,.\InputFiles\metinput_43.2_2021-2023.csv
13,273,284,.\InputFiles\metinput_34.2_2021-2023.csv
